brand,division,model
AB Yachts,Motor,AB 100
AB Yachts,Motor,AB 100 Superfast
AB Yachts,Motor,AB 110
AB Yachts,Motor,AB 110S
AB Yachts,Motor,AB 120
AB Yachts,Motor,AB 120S
AB Yachts,Motor,AB 80
AB Yachts,Motor,AB 92
AB Yachts,Motor,AB 95
Absolute,Motor,Absolute 40 STL
Absolute,Motor,Absolute 41
Absolute,Motor,Absolute 43
Absolute,Motor,Absolute 45
Absolute,Motor,Absolute 47 Fly
Absolute,Motor,Absolute 48 Coupe
Absolute,Motor,Absolute 50 Fly
Absolute,Motor,Absolute 52 Fly
Absolute,Motor,Absolute 52 Navetta
Absolute,Motor,Absolute 56 Fly
Absolute,Motor,Absolute 58 Fly
Absolute,Motor,Navetta 48
Absolute,Motor,Navetta 52
Absolute,Motor,Navetta 53
Absolute,Motor,Navetta 58
Absolute,Motor,Navetta 64
Absolute,Motor,Navetta 66
Absolute,Motor,Navetta 68
Absolute,Motor,Navetta 70
Absolute,Motor,Navetta 73
Admiral Yachts,Motor,Admiral 100
Admiral Yachts,Motor,Admiral 35
Admiral Yachts,Motor,Admiral 42
Admiral Yachts,Motor,Admiral 50
Admiral Yachts,Motor,Admiral 55
Admiral Yachts,Motor,Admiral 65
Admiral Yachts,Motor,Admiral 75
Aegean Yacht,Motor / Sailing,Custom
Aegean Yacht,Motor / Sailing,Explorer 26
Aegean Yacht,Motor / Sailing,Explorer 32
Aegean Yacht,Motor / Sailing,Explorer 37
Aegean Yacht,Motor / Sailing,Explorer 50
Aegean Yacht,Motor / Sailing,Sailing Yacht 26M
Aegean Yacht,Motor / Sailing,Sailing Yacht 35M
Aicon,Motor,Aicon 54
Aicon,Motor,Aicon 56
Aicon,Motor,Aicon 62
Aicon,Motor,Aicon 64
Aicon,Motor,Aicon 66
Aicon,Motor,Aicon 72
Aicon,Motor,Aicon 85
Albemarle,Motor,Albemarle 25 Express
Albemarle,Motor,Albemarle 27 DC
Albemarle,Motor,Albemarle 28 Express
Albemarle,Motor,Albemarle 30 Express
Albemarle,Motor,Albemarle 31 DC
Albemarle,Motor,Albemarle 32 Express
Albemarle,Motor,Albemarle 36 Express
Albemarle,Motor,Albemarle 41 Express
Alia Yachts,Motor,Alia 50M
Alia Yachts,Motor,Alia 60M
Alia Yachts,Motor,Alia 80M
Alia Yachts,Motor,Custom Series
Alia Yachts,Motor,Sea Club 53
Amel,Sailing,Amel 50
Amel,Sailing,Amel 54
Amel,Sailing,Amel 55
Amel,Sailing,Amel 60
Amel,Sailing,Amel 64
Amel,Sailing,Kirk
Amel,Sailing,Mango
Amel,Sailing,Maramu
Amel,Sailing,Santorin
Amel,Sailing,Sharki
Amel,Sailing,Super Maramu
Amel,Sailing,Super Maramu 2000
Amels,Motor,Amels 60
Amels,Motor,Amels 80
Amels,Motor,Limited Editions 180
Amels,Motor,Limited Editions 200
Amels,Motor,Limited Editions 206
Amels,Motor,Limited Editions 242
Amels,Motor,Limited Editions 272
Amer Yachts,Motor,Amer 100
Amer Yachts,Motor,Amer 110
Amer Yachts,Motor,Amer 120
Amer Yachts,Motor,Amer 136
Amer Yachts,Motor,Amer 86
Amer Yachts,Motor,Amer 92
Amer Yachts,Motor,Amer 94
Apreamare,Motor,Apreamare 10
Apreamare,Motor,Apreamare 11
Apreamare,Motor,Apreamare 12
Apreamare,Motor,Apreamare 48
Apreamare,Motor,Apreamare 7
Apreamare,Motor,Apreamare 9
Apreamare,Motor,Gozzo 35
Apreamare,Motor,Gozzo 38 Cabin
Apreamare,Motor,Gozzo 45
Apreamare,Motor,Gozzo 48 Cabin
Apreamare,Motor,Maestro 51
Apreamare,Motor,Maestro 65
Apreamare,Motor,Maestro 82
Aquabat,Motor,Aquabat Sport Line 19
Aquabat,Motor,Cabin 20
Aquabat,Motor,Cabin 23
Aquabat,Motor,Lux 850
Aquabat,Motor,Lux 850 Cabin
Aquabat,Motor,Open 20
Aquabat,Motor,Open 24
Aquabat,Motor,Sport Line 21
Aquabat,Motor,Sport Line 22
Aquabat,Motor,Sport Line 24
Aquador,Motor,Aquador 21 WA
Aquador,Motor,Aquador 22 HT
Aquador,Motor,Aquador 23 HT
Aquador,Motor,Aquador 25 C
Aquador,Motor,Aquador 25 HT
Aquador,Motor,Aquador 26 HT
Aquador,Motor,Aquador 27 HT
Aquador,Motor,Aquador 28 C
Aquador,Motor,Aquador 28 HT
Aquador,Motor,Aquador 30 HT
Aquador,Motor,Aquador 32 C
Aquador,Motor,Aquador 33 HT
Aquador,Motor,Aquador 35 AQ
Aquila,Power Catamaran,Aquila 28 Molokai
Aquila,Power Catamaran,Aquila 32 Sport
Aquila,Power Catamaran,Aquila 36 Sport
Aquila,Power Catamaran,Aquila 42 Yacht
Aquila,Power Catamaran,Aquila 44 Yacht
Aquila,Power Catamaran,Aquila 46 Yacht
Aquila,Power Catamaran,Aquila 54 Yacht
Aquila,Power Catamaran,Aquila 70 Luxury
Arcadia Yachts,Motor,A105
Arcadia Yachts,Motor,A115
Arcadia Yachts,Motor,A85
Arcadia Yachts,Motor,A88
Arcadia Yachts,Motor,A96
Arcadia Yachts,Motor,Sherpa 60
Arcadia Yachts,Motor,Sherpa 80
Arksen,Motor,Arksen 45
Arksen,Motor,Arksen 65
Arksen,Motor,Arksen 75
Arksen,Motor,Arksen 85
Astondoa,Motor,100 Century
Astondoa,Motor,110 Century
Astondoa,Motor,377 Coupe
Astondoa,Motor,40 Open
Astondoa,Motor,43 Open
Astondoa,Motor,44 Fly
Astondoa,Motor,46 Fly
Astondoa,Motor,52 Fly
Astondoa,Motor,54 Fly
Astondoa,Motor,55 Coupe
Astondoa,Motor,66 Fly
Astondoa,Motor,72 GLX
Astondoa,Motor,82 GLX
Astondoa,Motor,90 Century
Astondoa,Motor,AS5
Astondoa,Motor,AS8
Astondoa,Motor,AX8
Austin Parker,Motor,AP 36 Open
Austin Parker,Motor,AP 44 Ibiza
Austin Parker,Motor,AP 46 Mahon
Austin Parker,Motor,AP 52 Ibiza
Austin Parker,Motor,AP 54 Sedan
Austin Parker,Motor,AP 62 Palma
Austin Parker,Motor,AP 72 Ibiza
Austin Parker,Motor,AP 85 Ibiza
Axopar,Motor,22 Jobe Revolve
Axopar,Motor,22 Spyder
Axopar,Motor,22 T-Top
Axopar,Motor,25 Cross Bow
Axopar,Motor,25 Cross Top
Axopar,Motor,28 Cabin
Axopar,Motor,28 Open
Axopar,Motor,28 T-Top
Axopar,Motor,29 CCX
Axopar,Motor,29 Sun Top
Axopar,Motor,29 XC Cross Cabin
Axopar,Motor,37 Spyder
Axopar,Motor,37 Sun Top
Axopar,Motor,37 XC Cross Cabin
Axopar,Motor,45 Sun Top
Axopar,Motor,45 XC Cross Cabin
Azimut,Motor,Atlantis 34
Azimut,Motor,Atlantis 38
Azimut,Motor,Atlantis 43
Azimut,Motor,Atlantis 45
Azimut,Motor,Atlantis 47
Azimut,Motor,Atlantis 51
Azimut,Motor,Fly 40
Azimut,Motor,Fly 42
Azimut,Motor,Fly 43
Azimut,Motor,Fly 47
Azimut,Motor,Fly 50
Azimut,Motor,Fly 53
Azimut,Motor,Fly 54
Azimut,Motor,Fly 55
Azimut,Motor,Fly 60
Azimut,Motor,Fly 62
Azimut,Motor,Fly 68
Azimut,Motor,Fly 72
Azimut,Motor,Fly 78
Azimut,Motor,Grande 25 Metri
Azimut,Motor,Grande 26M
Azimut,Motor,Grande 27 Metri
Azimut,Motor,Grande 30 Metri
Azimut,Motor,Grande 32 Metri
Azimut,Motor,Grande 35 Metri
Azimut,Motor,Grande 36M
Azimut,Motor,Grande Trideck
Azimut,Motor,Magellano 25M
Azimut,Motor,Magellano 43
Azimut,Motor,Magellano 50
Azimut,Motor,Magellano 53
Azimut,Motor,Magellano 60
Azimut,Motor,Magellano 66
Azimut,Motor,S10
Azimut,Motor,S6
Azimut,Motor,S7
Azimut,Motor,S8
Baglietto,Motor,DOM 115
Baglietto,Motor,DOM 133
Baglietto,Motor,DOM 133 Hybrid
Baglietto,Motor,FAST 43
Baglietto,Motor,FAST 50
Baglietto,Motor,T52
Baglietto,Motor,T54
Baglietto,Motor,T60
Baglietto,Motor,XO Series
Balance Catamarans,Sailing Catamaran,Balance 442
Balance Catamarans,Sailing Catamaran,Balance 451
Balance Catamarans,Sailing Catamaran,Balance 482
Balance Catamarans,Sailing Catamaran,Balance 526
Balance Catamarans,Sailing Catamaran,Balance 580
Balance Catamarans,Sailing Catamaran,Balance 620
Balance Catamarans,Sailing Catamaran,Balance 750
Bali,Sailing Catamaran,Bali 4.0
Bali,Sailing Catamaran,Bali 4.1
Bali,Sailing Catamaran,Bali 4.2
Bali,Sailing Catamaran,Bali 4.3
Bali,Sailing Catamaran,Bali 4.5
Bali,Sailing Catamaran,Bali 4.6
Bali,Sailing Catamaran,Bali 4.8
Bali,Sailing Catamaran,Bali 5.4
Bali,Sailing Catamaran,Bali 5.8
Bali,Sailing Catamaran,Bali Catspace
Bavaria,Motor,27 Sport
Bavaria,Motor,28 Sport
Bavaria,Motor,29 Sport
Bavaria,Motor,30 Sport
Bavaria,Motor,32 Sport
Bavaria,Motor,33 Sport
Bavaria,Motor,34 Sport
Bavaria,Motor,35 Sport
Bavaria,Motor,37 Sport
Bavaria,Motor,38 Sport
Bavaria,Motor,39 Sport
Bavaria,Motor,42 Sport
Bavaria,Motor,43 Sport
Bavaria,Motor,R40 Coupe
Bavaria,Motor,R40 Fly
Bavaria,Motor,R55
Bavaria,Motor,S29
Bavaria,Motor,S30
Bavaria,Motor,S33
Bavaria,Motor,S36
Bavaria,Motor,S40
Bavaria,Motor,S45
Bavaria,Motor,Vida 33
Bavaria,Motor,Virtess 420 Coupe
Bavaria,Motor,Virtess 420 Fly
Bavaria,Sailing,31 Cruiser
Bavaria,Sailing,32 Cruiser
Bavaria,Sailing,33 Cruiser
Bavaria,Sailing,34 Cruiser
Bavaria,Sailing,35 Cruiser
Bavaria,Sailing,36 Cruiser
Bavaria,Sailing,37 Cruiser
Bavaria,Sailing,38 Cruiser
Bavaria,Sailing,39 Cruiser
Bavaria,Sailing,40 Cruiser
Bavaria,Sailing,41 Cruiser
Bavaria,Sailing,42 Cruiser
Bavaria,Sailing,44 Cruiser
Bavaria,Sailing,46 Cruiser
Bavaria,Sailing,49 Cruiser
Bavaria,Sailing,50 Cruiser
Bavaria,Sailing,51 Cruiser
Bavaria,Sailing,Bavaria 30 Cruiser
Bavaria,Sailing,C30
Bavaria,Sailing,C33
Bavaria,Sailing,C38
Bavaria,Sailing,C42
Bavaria,Sailing,C45
Bavaria,Sailing,C46
Bavaria,Sailing,C50
Bavaria,Sailing,C57
Bavaria,Sailing,Vision 42
Bavaria,Sailing,Vision 44
Bavaria,Sailing,Vision 46
Bayliner,Motor,160 Bowrider
Bayliner,Motor,175 Bowrider
Bayliner,Motor,185 Bowrider
Bayliner,Motor,195 Bowrider
Bayliner,Motor,205 Bowrider
Bayliner,Motor,215 Bowrider
Bayliner,Motor,245 Cruiser
Bayliner,Motor,255 Cruiser
Bayliner,Motor,265 Cruiser
Bayliner,Motor,285 Cruiser
Bayliner,Motor,305
Bayliner,Motor,315
Bayliner,Motor,325
Bayliner,Motor,335
Bayliner,Motor,Ciera 2355
Bayliner,Motor,Ciera 2455
Bayliner,Motor,Ciera 2655
Bayliner,Motor,Ciera 2855
Bayliner,Motor,Ciera 3055
Bayliner,Motor,Ciera 3255
Bayliner,Motor,Ciera 3388
Bayliner,Motor,Element E16
Bayliner,Motor,Element E18
Bayliner,Motor,Element E21
Bayliner,Motor,Element E23
Bayliner,Motor,Trophy 20CC
Bayliner,Motor,Trophy 22CC
Bayliner,Motor,Trophy 24CC
Bayliner,Motor,VR4
Bayliner,Motor,VR5
Bayliner,Motor,VR6
Beneteau,Motor,Antares 10.20
Beneteau,Motor,Antares 10.80
Beneteau,Motor,Antares 11
Beneteau,Motor,Antares 11 Fly
Beneteau,Motor,Antares 12
Beneteau,Motor,Antares 13.80
Beneteau,Motor,Antares 30
Beneteau,Motor,Antares 32
Beneteau,Motor,Antares 36
Beneteau,Motor,Antares 42
Beneteau,Motor,Antares 5.80
Beneteau,Motor,Antares 6
Beneteau,Motor,Antares 6.80
Beneteau,Motor,Antares 7
Beneteau,Motor,Antares 7.80
Beneteau,Motor,Antares 8
Beneteau,Motor,Antares 8 V2
Beneteau,Motor,Antares 9
Beneteau,Motor,Antares 9 OB
Beneteau,Motor,Antares 9.80
Beneteau,Motor,Barracuda 6
Beneteau,Motor,Barracuda 7
Beneteau,Motor,Barracuda 8
Beneteau,Motor,Barracuda 9
Beneteau,Motor,Flyer 10
Beneteau,Motor,Flyer 12
Beneteau,Motor,Flyer 5.5
Beneteau,Motor,Flyer 550 Open
Beneteau,Motor,Flyer 6
Beneteau,Motor,Flyer 6.6
Beneteau,Motor,Flyer 650
Beneteau,Motor,Flyer 7
Beneteau,Motor,Flyer 7.7
Beneteau,Motor,Flyer 750
Beneteau,Motor,Flyer 8
Beneteau,Motor,Flyer 8.8
Beneteau,Motor,Flyer 850
Beneteau,Motor,Flyer 9
Beneteau,Motor,Gran Turismo 32
Beneteau,Motor,Gran Turismo 34
Beneteau,Motor,Gran Turismo 35
Beneteau,Motor,Gran Turismo 36
Beneteau,Motor,Gran Turismo 38
Beneteau,Motor,Gran Turismo 40
Beneteau,Motor,Gran Turismo 41
Beneteau,Motor,Gran Turismo 44
Beneteau,Motor,Gran Turismo 45
Beneteau,Motor,Gran Turismo 46
Beneteau,Motor,Gran Turismo 49
Beneteau,Motor,Gran Turismo 50
Beneteau,Motor,Grand Trawler 62
Beneteau,Motor,Monte Carlo 27
Beneteau,Motor,Monte Carlo 32
Beneteau,Motor,Monte Carlo 37
Beneteau,Motor,Monte Carlo 42
Beneteau,Motor,Monte Carlo 47
Beneteau,Motor,Monte Carlo 5
Beneteau,Motor,Monte Carlo 52
Beneteau,Motor,Monte Carlo 6
Beneteau,Motor,Swift Trawler 30
Beneteau,Motor,Swift Trawler 34
Beneteau,Motor,Swift Trawler 35
Beneteau,Motor,Swift Trawler 37
Beneteau,Motor,Swift Trawler 41
Beneteau,Motor,Swift Trawler 42
Beneteau,Motor,Swift Trawler 44
Beneteau,Motor,Swift Trawler 47
Beneteau,Motor,Swift Trawler 48
Beneteau,Motor,Swift Trawler 50
Beneteau,Motor,Swift Trawler 52
Beneteau,Motor,Swift Trawler 54
Beneteau,Sailing,Cyclades 39.3
Beneteau,Sailing,Cyclades 43.3
Beneteau,Sailing,Cyclades 43.4
Beneteau,Sailing,Cyclades 50.5
Beneteau,Sailing,Figaro 2
Beneteau,Sailing,Figaro 3
Beneteau,Sailing,First 18
Beneteau,Sailing,First 20
Beneteau,Sailing,First 21.7
Beneteau,Sailing,First 22
Beneteau,Sailing,First 24
Beneteau,Sailing,First 25
Beneteau,Sailing,First 27
Beneteau,Sailing,First 29
Beneteau,Sailing,First 30
Beneteau,Sailing,First 31.7
Beneteau,Sailing,First 32
Beneteau,Sailing,First 33.7
Beneteau,Sailing,First 34.7
Beneteau,Sailing,First 35
Beneteau,Sailing,First 35.7
Beneteau,Sailing,First 36
Beneteau,Sailing,First 36.7
Beneteau,Sailing,First 38
Beneteau,Sailing,First 38s5
Beneteau,Sailing,First 40
Beneteau,Sailing,First 40.7
Beneteau,Sailing,First 405
Beneteau,Sailing,First 41s5
Beneteau,Sailing,First 42
Beneteau,Sailing,First 44
Beneteau,Sailing,First 44.7
Beneteau,Sailing,First 45
Beneteau,Sailing,First 45f5
Beneteau,Sailing,First 47.7
Beneteau,Sailing,First 50
Beneteau,Sailing,First 53
Beneteau,Sailing,First 60
Beneteau,Sailing,Oceanis 281
Beneteau,Sailing,Oceanis 30.1
Beneteau,Sailing,Oceanis 300
Beneteau,Sailing,Oceanis 31
Beneteau,Sailing,Oceanis 311
Beneteau,Sailing,Oceanis 320
Beneteau,Sailing,Oceanis 323
Beneteau,Sailing,Oceanis 331
Beneteau,Sailing,Oceanis 34
Beneteau,Sailing,Oceanis 34.1
Beneteau,Sailing,Oceanis 343
Beneteau,Sailing,Oceanis 35
Beneteau,Sailing,Oceanis 35.1
Beneteau,Sailing,Oceanis 351
Beneteau,Sailing,Oceanis 361
Beneteau,Sailing,Oceanis 37
Beneteau,Sailing,Oceanis 37.1
Beneteau,Sailing,Oceanis 373
Beneteau,Sailing,Oceanis 38
Beneteau,Sailing,Oceanis 38.1
Beneteau,Sailing,Oceanis 390
Beneteau,Sailing,Oceanis 393
Beneteau,Sailing,Oceanis 40
Beneteau,Sailing,Oceanis 40.1
Beneteau,Sailing,Oceanis 400
Beneteau,Sailing,Oceanis 41
Beneteau,Sailing,Oceanis 41.1
Beneteau,Sailing,Oceanis 411
Beneteau,Sailing,Oceanis 423
Beneteau,Sailing,Oceanis 43
Beneteau,Sailing,Oceanis 440
Beneteau,Sailing,Oceanis 45
Beneteau,Sailing,Oceanis 46
Beneteau,Sailing,Oceanis 46.1
Beneteau,Sailing,Oceanis 461
Beneteau,Sailing,Oceanis 473
Beneteau,Sailing,Oceanis 48
Beneteau,Sailing,Oceanis 49
Beneteau,Sailing,Oceanis 50
Beneteau,Sailing,Oceanis 50 Family
Beneteau,Sailing,Oceanis 51.1
Beneteau,Sailing,Oceanis 510
Beneteau,Sailing,Oceanis 52
Beneteau,Sailing,Oceanis 523
Beneteau,Sailing,Oceanis 54
Beneteau,Sailing,Oceanis 55
Beneteau,Sailing,Oceanis 55.1
Beneteau,Sailing,Oceanis 58
Beneteau,Sailing,Oceanis 60
Beneteau,Sailing,Oceanis Yacht 54
Beneteau,Sailing,Oceanis Yacht 60
Beneteau,Sailing,Oceanis Yacht 62
Beneteau,Sailing,Sense 43
Beneteau,Sailing,Sense 46
Beneteau,Sailing,Sense 50
Beneteau,Sailing,Sense 51
Beneteau,Sailing,Sense 55
Beneteau,Sailing,Sense 57
Benetti,Motor,B.Now 50M
Benetti,Motor,B.Now 58M
Benetti,Motor,B.Now 67M
Benetti,Motor,B.Yond 37M
Benetti,Motor,B.Yond 55M
Benetti,Motor,Class 44M
Benetti,Motor,Class 50M
Benetti,Motor,Diamond 44M
Benetti,Motor,Motopanfilo 37M
Benetti,Motor,Oasis 34M
Benetti,Motor,Oasis 40M
Bennington,Pontoon,L Series
Bennington,Pontoon,LX Series
Bennington,Pontoon,Q Series
Bennington,Pontoon,R Series
Bennington,Pontoon,S Series
Bennington,Pontoon,SV Series
Bering Yachts,Motor,Bering 100
Bering Yachts,Motor,Bering 105
Bering Yachts,Motor,Bering 120
Bering Yachts,Motor,Bering 121
Bering Yachts,Motor,Bering 125
Bering Yachts,Motor,Bering 130
Bering Yachts,Motor,Bering 145
Bering Yachts,Motor,Bering 165
Bering Yachts,Motor,Bering 65
Bering Yachts,Motor,Bering 70
Bering Yachts,Motor,Bering 72
Bering Yachts,Motor,Bering 75
Bering Yachts,Motor,Bering 77
Bering Yachts,Motor,Bering 80
Bering Yachts,Motor,Bering 92
Bertram,Motor,Bertram 28
Bertram,Motor,Bertram 31
Bertram,Motor,Bertram 33
Bertram,Motor,Bertram 35
Bertram,Motor,Bertram 36
Bertram,Motor,Bertram 37
Bertram,Motor,Bertram 39
Bertram,Motor,Bertram 42
Bertram,Motor,Bertram 43
Bertram,Motor,Bertram 46
Bertram,Motor,Bertram 50
Bertram,Motor,Bertram 54
Bertram,Motor,Bertram 57
Bertram,Motor,Bertram 61
Bertram,Motor,Bertram 630
Bertram,Motor,Bertram 700
Boston Whaler,Motor,110 Tender
Boston Whaler,Motor,130 Super Sport
Boston Whaler,Motor,150 Montauk
Boston Whaler,Motor,160 Super Sport
Boston Whaler,Motor,170 Montauk
Boston Whaler,Motor,190 Montauk
Boston Whaler,Motor,210 Montauk
Boston Whaler,Motor,220 Dauntless
Boston Whaler,Motor,230 Outrage
Boston Whaler,Motor,240 Dauntless
Boston Whaler,Motor,250 Dauntless
Boston Whaler,Motor,250 Outrage
Boston Whaler,Motor,260 Outrage
Boston Whaler,Motor,270 Dauntless
Boston Whaler,Motor,280 Outrage
Boston Whaler,Motor,285 Conquest
Boston Whaler,Motor,320 Vantage
Boston Whaler,Motor,325 Conquest
Boston Whaler,Motor,330 Outrage
Boston Whaler,Motor,350 Realm
Boston Whaler,Motor,360 Outrage
Boston Whaler,Motor,380 Outrage
Boston Whaler,Motor,405 Conquest
Boston Whaler,Motor,420 Outrage
Brig,RIB,Eagle 10
Brig,RIB,Eagle 4
Brig,RIB,Eagle 5
Brig,RIB,Eagle 6
Brig,RIB,Eagle 6.7
Brig,RIB,Eagle 8
Brig,RIB,Falcon 330
Brig,RIB,Falcon 360
Brig,RIB,Falcon 420
Brig,RIB,Navigator 520
Brig,RIB,Navigator 570
Brig,RIB,Navigator 610
Brig,RIB,Navigator 700
Brig,RIB,Navigator 730
BWA,RIB,Premium 30
BWA,RIB,Premium 34
BWA,RIB,Premium 40
BWA,RIB,Premium 50
BWA,RIB,Sport 19 GT
BWA,RIB,Sport 22 GT
BWA,RIB,Sport 26 GT
BWA,RIB,Sport 28 GT
BWA,RIB,Sport 33 GTO
BWA,RIB,Sport 33 GTO C
Canados,Motor,Canados 120
Canados,Motor,Canados 86
Canados,Motor,Canados 888
Canados,Motor,Gladiator 411 Carbon
Canados,Motor,Gladiator 431 Walkaround
Canados,Motor,Gladiator 493 Grand
Canados,Motor,Gladiator 571 Blade
Canados,Motor,Gladiator 631 Next
Canados,Motor,Gladiator 919 RD
Canados,Motor,Oceanic 100
Canados,Motor,Oceanic 76
Candela,Electric,C-12
Candela,Electric,C-7
Candela,Electric,C-8
Candela,Electric,C-8 Centre Console
Candela,Electric,C-8 Polestar
Cantiere delle Marche,Motor,Darwin 102
Cantiere delle Marche,Motor,Darwin 106
Cantiere delle Marche,Motor,Darwin 112
Cantiere delle Marche,Motor,Darwin 115
Cantiere delle Marche,Motor,Darwin 86
Cantiere delle Marche,Motor,Flexplorer 130
Cantiere delle Marche,Motor,Flexplorer 146
Cantiere delle Marche,Motor,Flexplorer 165
Cantiere delle Marche,Motor,RJ 102
Cantiere delle Marche,Motor,RJ 115
Cantiere Mimì,Motor,Libeccio 11 Walkaround
Cantiere Mimì,Motor,Libeccio 13.5
Cantiere Mimì,Motor,Libeccio 13.5 Cabin
Cantiere Mimì,Motor,Libeccio 15
Cantiere Mimì,Motor,Libeccio 17
Cantiere Mimì,Motor,Libeccio 6.5
Cantiere Mimì,Motor,Libeccio 7
Cantiere Mimì,Motor,Libeccio 8.5
Cantiere Mimì,Motor,Libeccio 9.5 Walkaround
Capelli,Motor / RIB,Cap 21
Capelli,Motor / RIB,Cap 23
Capelli,Motor / RIB,Cap 25 WA
Capelli,Motor / RIB,Cap 27 WA
Capelli,Motor / RIB,Dino 23
Capelli,Motor / RIB,Freedom 18
Capelli,Motor / RIB,Freedom 20
Capelli,Motor / RIB,Tempest 1000
Capelli,Motor / RIB,Tempest 1000 WA
Capelli,Motor / RIB,Tempest 38
Capelli,Motor / RIB,Tempest 40
Capelli,Motor / RIB,Tempest 44
Capelli,Motor / RIB,Tempest 50
Capelli,Motor / RIB,Tempest 570
Capelli,Motor / RIB,Tempest 600
Capelli,Motor / RIB,Tempest 625
Capelli,Motor / RIB,Tempest 650
Capelli,Motor / RIB,Tempest 700
Capelli,Motor / RIB,Tempest 750
Capelli,Motor / RIB,Tempest 800
Capelli,Motor / RIB,Tempest 850
Capelli,Motor / RIB,Tempest 900
Catalina,Sailing,Catalina 22
Catalina,Sailing,Catalina 25
Catalina,Sailing,Catalina 27
Catalina,Sailing,Catalina 28
Catalina,Sailing,Catalina 30
Catalina,Sailing,Catalina 309
Catalina,Sailing,Catalina 315
Catalina,Sailing,Catalina 320
Catalina,Sailing,Catalina 34
Catalina,Sailing,Catalina 350
Catalina,Sailing,Catalina 355
Catalina,Sailing,Catalina 36
Catalina,Sailing,Catalina 380
Catalina,Sailing,Catalina 385
Catalina,Sailing,Catalina 387
Catalina,Sailing,Catalina 400
Catalina,Sailing,Catalina 42
Catalina,Sailing,Catalina 425
Catalina,Sailing,Catalina 440
Catalina,Sailing,Catalina 445
Catalina,Sailing,Catalina 470
Catalina,Sailing,Catalina 545
Catana,Sailing Catamaran,Catana 41
Catana,Sailing Catamaran,Catana 42
Catana,Sailing Catamaran,Catana 47
Catana,Sailing Catamaran,Catana 50
Catana,Sailing Catamaran,Catana 53
Catana,Sailing Catamaran,Catana 55
Catana,Sailing Catamaran,Catana 65
Catana,Sailing Catamaran,Catana 70
Cayman Yachts,Motor,Cayman 400 WA
Cayman Yachts,Motor,Cayman 450 WA
Cayman Yachts,Motor,Cayman 540 WA
Cayman Yachts,Motor,Cayman 580 WA
Cayman Yachts,Motor,Cayman 650
Cayman Yachts,Motor,Cayman 750
Cayman Yachts,Motor,Cayman 860
Cerri Cantieri Navali,Motor,CCN 102
Cerri Cantieri Navali,Motor,CCN 35M
Cerri Cantieri Navali,Motor,CCN 40M
Cerri Cantieri Navali,Motor,CCN 86
Cerri Cantieri Navali,Motor,Fuoriserie
Chaparral,Motor,19 SSi
Chaparral,Motor,21 SSi
Chaparral,Motor,23 SSi
Chaparral,Motor,247 SSX
Chaparral,Motor,250 OSX
Chaparral,Motor,267 SSX
Chaparral,Motor,280 OSX
Chaparral,Motor,287 SSX
Chaparral,Motor,300 OSX
Chaparral,Motor,307 SSX
Chaparral,Motor,310 Signature
Chaparral,Motor,330 Signature
Chaparral,Motor,347 SSX
Chaparral,Motor,350 Signature
Cheoy Lee,Motor,Alpha 76
Cheoy Lee,Motor,Bravo 72
Cheoy Lee,Motor,Bravo 78
Cheoy Lee,Motor,Bravo 88
Cheoy Lee,Motor,Explorer 107
Cheoy Lee,Motor,Explorer 126
Cheoy Lee,Motor,Explorer 132
Cheoy Lee,Motor,Global 104
Chris-Craft,Motor,Calypso 24
Chris-Craft,Motor,Calypso 26
Chris-Craft,Motor,Calypso 30
Chris-Craft,Motor,Calypso 32
Chris-Craft,Motor,Catalina 24
Chris-Craft,Motor,Catalina 27
Chris-Craft,Motor,Catalina 30
Chris-Craft,Motor,Catalina 34
Chris-Craft,Motor,Catalina 35
Chris-Craft,Motor,Commander 42
Chris-Craft,Motor,Corsair 25
Chris-Craft,Motor,Corsair 27
Chris-Craft,Motor,Corsair 28
Chris-Craft,Motor,Corsair 32
Chris-Craft,Motor,Launch 25
Chris-Craft,Motor,Launch 27
Chris-Craft,Motor,Launch 28 GT
Chris-Craft,Motor,Launch 31 GT
Chris-Craft,Motor,Launch 35 GT
Chris-Craft,Motor,Roamer 36
Chris-Craft,Motor,Roamer 40
Chris-Craft,Motor,Roamer 43
Cobalt,Motor,220
Cobalt,Motor,232
Cobalt,Motor,242
Cobalt,Motor,246
Cobalt,Motor,262
Cobalt,Motor,272
Cobalt,Motor,276
Cobalt,Motor,293
Cobalt,Motor,302
Cobalt,Motor,323
Cobalt,Motor,A25
Cobalt,Motor,A28
Cobalt,Motor,A29
Cobalt,Motor,A36
Cobalt,Motor,CS22
Cobalt,Motor,CS23
Cobalt,Motor,R3
Cobalt,Motor,R30
Cobalt,Motor,R33
Cobalt,Motor,R35
Cobalt,Motor,R5
Cobalt,Motor,R6
Cobalt,Motor,R7
Cobalt,Motor,R8
Cobia,Motor,220 CC
Cobia,Motor,220 DC
Cobia,Motor,240 CC
Cobia,Motor,240 DC
Cobia,Motor,262 CC
Cobia,Motor,280 CC
Cobia,Motor,280 DC
Cobia,Motor,301 CC
Cobia,Motor,320 CC
Cobia,Motor,330 DC
Cobia,Motor,350 CC
Conrad Shipyard,Motor / Sailing,Conrad C133
Conrad Shipyard,Motor / Sailing,Conrad C144
Conrad Shipyard,Motor / Sailing,Conrad C155
Conrad Shipyard,Motor / Sailing,Conrad C166
Conrad Shipyard,Motor / Sailing,Custom Sailing Yacht
Contender,Motor,25 Bay
Contender,Motor,28 Sport
Contender,Motor,30 ST
Contender,Motor,32 ST
Contender,Motor,35 ST
Contender,Motor,39 ST
Contender,Motor,44 ST
Contender,Motor,Contender 24 Sport
Contest,Sailing,Contest 33
Contest,Sailing,Contest 36S
Contest,Sailing,Contest 38S
Contest,Sailing,Contest 42CS
Contest,Sailing,Contest 44CS
Contest,Sailing,Contest 45CS
Contest,Sailing,Contest 48CS
Contest,Sailing,Contest 50CS
Contest,Sailing,Contest 52MC
Contest,Sailing,Contest 55CS
Contest,Sailing,Contest 57CS
Contest,Sailing,Contest 62CS
Contest,Sailing,Contest 67CS
Contest,Sailing,Contest 72CS
Contest,Sailing,Contest 85CS
Cranchi,Motor,A46 Luxury Tender
Cranchi,Motor,E26 Classic
Cranchi,Motor,E26 Rider
Cranchi,Motor,E30 Endurance
Cranchi,Motor,Endurance 30
Cranchi,Motor,Endurance 33
Cranchi,Motor,Endurance 39
Cranchi,Motor,Endurance 41
Cranchi,Motor,Endurance 50
Cranchi,Motor,Endurance 60
Cranchi,Motor,M44 HT
Cranchi,Motor,Mediterranee 40
Cranchi,Motor,Mediterranee 43
Cranchi,Motor,Mediterranee 50
Cranchi,Motor,Sessantadue 62
Cranchi,Motor,Sessantasette 67
Cranchi,Motor,Settantotto 78
Cranchi,Motor,T36 Crossover
Cranchi,Motor,T43 Eco Trawler
Cranchi,Motor,Zaffiro 28
Cranchi,Motor,Zaffiro 32
Cranchi,Motor,Zaffiro 34
Cranchi,Motor,Zaffiro 36
Cranchi,Motor,Zaffiro 38
Crestliner,Motor,Commander 1850
Crestliner,Motor,Commander 2050
Crestliner,Motor,Fish Hawk 1750
Crestliner,Motor,Fish Hawk 1850
Crestliner,Motor,Fish Hawk 1950
Crestliner,Motor,Super Hawk 1850
Crestliner,Motor,Super Hawk 1950
Crestliner,Motor,XF 179
Crestliner,Motor,XF 189
Crestliner,Motor,XFC 179
Crestliner,Motor,XFC 189
Custom Line,Motor,Custom Line 100
Custom Line,Motor,Custom Line 106
Custom Line,Motor,Custom Line 120
Custom Line,Motor,Custom Line 140
Custom Line,Motor,Custom Line 97
Custom Line,Motor,Navetta 26
Custom Line,Motor,Navetta 28
Custom Line,Motor,Navetta 30
Custom Line,Motor,Navetta 33
Custom Line,Motor,Navetta 37
Custom Line,Motor,Navetta 38
Custom Line,Motor,Navetta 42
Damen Yachting,Motor,SeaXplorer 105
Damen Yachting,Motor,SeaXplorer 58
Damen Yachting,Motor,SeaXplorer 60
Damen Yachting,Motor,SeaXplorer 77
Damen Yachting,Motor,Yacht Support 45
Damen Yachting,Motor,Yacht Support 53
Damen Yachting,Motor,Yacht Support 75
De Antonio Yachts,Motor,D23
De Antonio Yachts,Motor,D28 Cruiser
De Antonio Yachts,Motor,D28 Deck
De Antonio Yachts,Motor,D28 Open
De Antonio Yachts,Motor,D28 Xplorer
De Antonio Yachts,Motor,D29
De Antonio Yachts,Motor,D32 Open
De Antonio Yachts,Motor,D34 Cruiser
De Antonio Yachts,Motor,D34 Open
De Antonio Yachts,Motor,D36 Open
De Antonio Yachts,Motor,D42 Open
De Antonio Yachts,Motor,D50 Open
De Antonio Yachts,Motor,D60
Dehler,Sailing,Dehler 25
Dehler,Sailing,Dehler 28
Dehler,Sailing,Dehler 29
Dehler,Sailing,Dehler 30 One Design
Dehler,Sailing,Dehler 31
Dehler,Sailing,Dehler 32
Dehler,Sailing,Dehler 34
Dehler,Sailing,Dehler 35
Dehler,Sailing,Dehler 36
Dehler,Sailing,Dehler 38
Dehler,Sailing,Dehler 38 SQ
Dehler,Sailing,Dehler 39
Dehler,Sailing,Dehler 41
Dehler,Sailing,Dehler 42
Dehler,Sailing,Dehler 44
Dehler,Sailing,Dehler 46
Dehler,Sailing,Dehler 47
Delta Powerboats,Motor,Delta 26 Open
Delta Powerboats,Motor,Delta 33 Coupe
Delta Powerboats,Motor,Delta 33 Open
Delta Powerboats,Motor,Delta 40 WA
Delta Powerboats,Motor,Delta 48 Coupe
Delta Powerboats,Motor,Delta 54 IPS
Delta Powerboats,Motor,Delta 60 Open
Delta Powerboats,Motor,Delta 72
Delta Powerboats,Motor,Delta 88 Carbon
Dipol,Motor,Dipol 400
Dipol,Motor,Dipol 450
Dipol,Motor,Dipol 510
Dipol,Motor,Dipol 580
Dipol,Motor,Dipol 600
Dipol,Motor,Dipol 680
Dipol,Motor,Dipol D-25
Dufour,Sailing,Dufour 24
Dufour,Sailing,Dufour 27
Dufour,Sailing,Dufour 2800
Dufour,Sailing,Dufour 30 Classic
Dufour,Sailing,Dufour 32
Dufour,Sailing,Dufour 34
Dufour,Sailing,Dufour 34 Performance
Dufour,Sailing,Dufour 35
Dufour,Sailing,Dufour 36 Classic
Dufour,Sailing,Dufour 36 Performance
Dufour,Sailing,Dufour 365 Grand Large
Dufour,Sailing,Dufour 375 Grand Large
Dufour,Sailing,Dufour 3800
Dufour,Sailing,Dufour 382 Grand Large
Dufour,Sailing,Dufour 385 Grand Large
Dufour,Sailing,Dufour 390
Dufour,Sailing,Dufour 40
Dufour,Sailing,Dufour 40 Performance
Dufour,Sailing,Dufour 405 Grand Large
Dufour,Sailing,Dufour 410 Grand Large
Dufour,Sailing,Dufour 412 Grand Large
Dufour,Sailing,Dufour 425 Grand Large
Dufour,Sailing,Dufour 430
Dufour,Sailing,Dufour 44
Dufour,Sailing,Dufour 445 Grand Large
Dufour,Sailing,Dufour 450 Grand Large
Dufour,Sailing,Dufour 455 Grand Large
Dufour,Sailing,Dufour 460 Grand Large
Dufour,Sailing,Dufour 470
Dufour,Sailing,Dufour 48
Dufour,Sailing,Dufour 500 Grand Large
Dufour,Sailing,Dufour 512 Grand Large
Dufour,Sailing,Dufour 520 Grand Large
Dufour,Sailing,Dufour 525 Grand Large
Dufour,Sailing,Dufour 530
Dufour,Sailing,Dufour 54
Dufour,Sailing,Dufour 56 Exclusive
Dufour,Sailing,Dufour 61
Elan,Sailing,E3
Elan,Sailing,E4
Elan,Sailing,E5
Elan,Sailing,E6
Elan,Sailing,Elan 31
Elan,Sailing,Elan 33
Elan,Sailing,Elan 34
Elan,Sailing,Elan 340
Elan,Sailing,Elan 35
Elan,Sailing,Elan 36
Elan,Sailing,Elan 37
Elan,Sailing,Elan 38
Elan,Sailing,Elan 40
Elan,Sailing,Elan 410
Elan,Sailing,Elan 431
Elan,Sailing,Elan 434 Impression
Elan,Sailing,Elan 444 Impression
Elan,Sailing,Elan 45
Elan,Sailing,Elan 45 Impression
Elan,Sailing,Elan 50 Impression
Elan,Sailing,GT5
Elan,Sailing,GT6
Elan,Sailing,Impression 344
Elan,Sailing,Impression 384
Elan,Sailing,Impression 394
Elan,Sailing,Impression 40
Elan,Sailing,Impression 43
Elan,Sailing,Impression 45
Elan,Sailing,Impression 50
Eolo,Motor,Eolo 590 Open
Eolo,Motor,Eolo 650 Day
Eolo,Motor,Eolo 650 Open
Eolo,Motor,Eolo 730 Day
Eolo,Motor,Eolo 730 HBS
Eolo,Motor,Eolo 750 Day
Eolo,Motor,Eolo 770 Cruiser
Eolo,Motor,Eolo 830 Day
Eolo,Motor,Eolo 830 HBS
Eolo,Motor,Eolo 9
Everglades,Motor,235 CC
Everglades,Motor,243 CC
Everglades,Motor,253 CC
Everglades,Motor,273 CC
Everglades,Motor,285 CC
Everglades,Motor,295 CC
Everglades,Motor,315 CC
Everglades,Motor,335 CC
Everglades,Motor,365 CC
Everglades,Motor,395 CC
Everglades,Motor,435 CC
Evo Yachts,Motor,Evo R+
Evo Yachts,Motor,Evo R4
Evo Yachts,Motor,Evo R4 WA
Evo Yachts,Motor,Evo R6
Evo Yachts,Motor,Evo R7
Evo Yachts,Motor,Evo V8
Excess,Sailing Catamaran,Excess 11
Excess,Sailing Catamaran,Excess 12
Excess,Sailing Catamaran,Excess 13
Excess,Sailing Catamaran,Excess 14
Excess,Sailing Catamaran,Excess 15
Extreme Boats,Motor,605 Game King
Extreme Boats,Motor,645 Game King
Extreme Boats,Motor,745 Game King
Extreme Boats,Motor,795 Game King
Extreme Boats,Motor,885 Game King
Extreme Boats,Motor,915 Game King
Extreme Boats,Motor,985 Game King
Extreme Boats,Motor,Extreme 545 Game King
Fairline,Motor,Phantom 40
Fairline,Motor,Phantom 43
Fairline,Motor,Phantom 46
Fairline,Motor,Phantom 48
Fairline,Motor,Phantom 50
Fairline,Motor,Squadron 42
Fairline,Motor,Squadron 48
Fairline,Motor,Squadron 50
Fairline,Motor,Squadron 53
Fairline,Motor,Squadron 55
Fairline,Motor,Squadron 58
Fairline,Motor,Squadron 62
Fairline,Motor,Squadron 65
Fairline,Motor,Squadron 68
Fairline,Motor,Squadron 74
Fairline,Motor,Squadron 78
Fairline,Motor,Targa 27
Fairline,Motor,Targa 30
Fairline,Motor,Targa 31
Fairline,Motor,Targa 34
Fairline,Motor,Targa 37
Fairline,Motor,Targa 38
Fairline,Motor,Targa 40
Fairline,Motor,Targa 43
Fairline,Motor,Targa 45
Fairline,Motor,Targa 47
Fairline,Motor,Targa 48
Fairline,Motor,Targa 50
Fairline,Motor,Targa 52
Fairline,Motor,Targa 53
Fairline,Motor,Targa 58
Fairline,Motor,Targa 62
Feadship,Motor,Custom Series
Feadship,Motor,Feadship 40m
Feadship,Motor,Feadship 45m
Feadship,Motor,Feadship 50m
Feadship,Motor,Feadship 55m
Feadship,Motor,Feadship 60m
Feadship,Motor,Feadship 70m
Feadship,Motor,Feadship 80m+
Ferretti Yachts,Motor,Ferretti 1000
Ferretti Yachts,Motor,Ferretti 430
Ferretti Yachts,Motor,Ferretti 460
Ferretti Yachts,Motor,Ferretti 500
Ferretti Yachts,Motor,Ferretti 530
Ferretti Yachts,Motor,Ferretti 550
Ferretti Yachts,Motor,Ferretti 560
Ferretti Yachts,Motor,Ferretti 570
Ferretti Yachts,Motor,Ferretti 580
Ferretti Yachts,Motor,Ferretti 590
Ferretti Yachts,Motor,Ferretti 620
Ferretti Yachts,Motor,Ferretti 630
Ferretti Yachts,Motor,Ferretti 650
Ferretti Yachts,Motor,Ferretti 670
Ferretti Yachts,Motor,Ferretti 690
Ferretti Yachts,Motor,Ferretti 720
Ferretti Yachts,Motor,Ferretti 750
Ferretti Yachts,Motor,Ferretti 780
Ferretti Yachts,Motor,Ferretti 800
Ferretti Yachts,Motor,Ferretti 850
Ferretti Yachts,Motor,Ferretti 860
Ferretti Yachts,Motor,Ferretti 881
Ferretti Yachts,Motor,Ferretti 920
Fiart,Motor,Fiart 23
Fiart,Motor,Fiart 27
Fiart,Motor,Fiart 28 Genius
Fiart,Motor,Fiart 30
Fiart,Motor,Fiart 32 Genius
Fiart,Motor,Fiart 33 Seawalker
Fiart,Motor,Fiart 35
Fiart,Motor,Fiart 39 Seawalker
Fiart,Motor,Fiart 40 Genius
Fiart,Motor,Fiart 43 Seawalker
Fiart,Motor,Fiart 44 Genius
Fiart,Motor,Fiart 47
Fiart,Motor,Fiart 52
Fiart,Motor,Fiart P54
Fjord,Motor,Fjord 36 Open
Fjord,Motor,Fjord 36 Xpress
Fjord,Motor,Fjord 38 Open
Fjord,Motor,Fjord 40 Open
Fjord,Motor,Fjord 41 XL
Fjord,Motor,Fjord 44 Coupe
Fjord,Motor,Fjord 44 Open
Fjord,Motor,Fjord 48 Open
Fjord,Motor,Fjord 53 XL
Flipper,Motor,Flipper 600 SC
Flipper,Motor,Flipper 650 DC
Flipper,Motor,Flipper 670 DC
Flipper,Motor,Flipper 700 DC
Flipper,Motor,Flipper 705 DC
Flipper,Motor,Flipper 800 DC
Flipper,Motor,Flipper 850 DC
Flipper,Motor,Flipper 900 DC
Formula,Motor,240 Bowrider
Formula,Motor,270 Bowrider
Formula,Motor,270 Sun Sport
Formula,Motor,290 Bowrider
Formula,Motor,310 Bowrider
Formula,Motor,310 Sun Sport
Formula,Motor,330 Sun Sport
Formula,Motor,34 PC
Formula,Motor,350 Crossover Bowrider
Formula,Motor,350 Sun Sport
Formula,Motor,37 PC
Formula,Motor,380 SSC
Formula,Motor,40 PC
Formula,Motor,400 SSC
Formula,Motor,430 SSC
Formula,Motor,45 Yacht
Fountain,Motor,Fountain 32 NX
Fountain,Motor,Fountain 34 SC
Fountain,Motor,Fountain 34 TE
Fountain,Motor,Fountain 38 SC
Fountain,Motor,Fountain 39 NX
Fountain,Motor,Fountain 42 Lightning
Fountain,Motor,Fountain 43 NX
Fountain,Motor,Fountain 47 Lightning
Fountaine Pajot,Power Catamaran,Cumberland 44
Fountaine Pajot,Power Catamaran,Maryland 37
Fountaine Pajot,Power Catamaran,MY 37
Fountaine Pajot,Power Catamaran,MY 40
Fountaine Pajot,Power Catamaran,MY 44
Fountaine Pajot,Power Catamaran,MY 5
Fountaine Pajot,Power Catamaran,MY 6
Fountaine Pajot,Power Catamaran,Power 67
Fountaine Pajot,Power Catamaran,Power 80
Fountaine Pajot,Power Catamaran,Summerland 40
Fountaine Pajot,Sailing Catamaran,Alegria 67
Fountaine Pajot,Sailing Catamaran,Astréa 42
Fountaine Pajot,Sailing Catamaran,Athena 38
Fountaine Pajot,Sailing Catamaran,Aura 51
Fountaine Pajot,Sailing Catamaran,Bahia 46
Fountaine Pajot,Sailing Catamaran,Belize 43
Fountaine Pajot,Sailing Catamaran,Elba 45
Fountaine Pajot,Sailing Catamaran,Helia 44
Fountaine Pajot,Sailing Catamaran,Lavezzi 40
Fountaine Pajot,Sailing Catamaran,Lipari 41
Fountaine Pajot,Sailing Catamaran,Lucia 40
Fountaine Pajot,Sailing Catamaran,Orana 44
Fountaine Pajot,Sailing Catamaran,Saba 50
Fountaine Pajot,Sailing Catamaran,Salina 48
Fountaine Pajot,Sailing Catamaran,Samana 59
Fountaine Pajot,Sailing Catamaran,Saona 47
Fountaine Pajot,Sailing Catamaran,Tanna 47
Fountaine Pajot,Sailing Catamaran,Thira 80
Four Winns,Motor,H1
Four Winns,Motor,H2
Four Winns,Motor,H4
Four Winns,Motor,H6
Four Winns,Motor,H9
Four Winns,Motor,HD3
Four Winns,Motor,HD5
Four Winns,Motor,HD8
Four Winns,Motor,SL222
Four Winns,Motor,SL262
Four Winns,Motor,TH33
Four Winns,Motor,TH36
Four Winns,Motor,Vista 255
Four Winns,Motor,Vista 275
Four Winns,Motor,Vista 288
Four Winns,Motor,Vista 318
Four Winns,Motor,Vista 328
Four Winns,Motor,Vista 355
Four Winns,Motor,Vista 375
Frauscher,Motor,Frauscher 1017 GT
Frauscher,Motor,Frauscher 1017 Lido
Frauscher,Motor,Frauscher 1212 Ghost
Frauscher,Motor,Frauscher 1414 Demon
Frauscher,Motor,Frauscher 1414 Demon Air
Frauscher,Motor,Frauscher 686 Lido
Frauscher,Motor,Frauscher 747 Mirage
Frauscher,Motor,Frauscher 858 Fantom
Frauscher,Motor,x Porsche 850 Fantom
Freeman,Power Catamaran,Freeman 28
Freeman,Power Catamaran,Freeman 34VH
Freeman,Power Catamaran,Freeman 37VH
Freeman,Power Catamaran,Freeman 42LR
Freeman,Power Catamaran,Freeman 42LRX
Freeman,Power Catamaran,Freeman 47LR
Freeman,Power Catamaran,Freeman 47T
Galeon,Motor,Galeon 280 Fly
Galeon,Motor,Galeon 300 Fly
Galeon,Motor,Galeon 305 HTS
Galeon,Motor,Galeon 325 GTO
Galeon,Motor,Galeon 335 HTS
Galeon,Motor,Galeon 360 Fly
Galeon,Motor,Galeon 375 GTO
Galeon,Motor,Galeon 400 Fly
Galeon,Motor,Galeon 405 HTS
Galeon,Motor,Galeon 410 HTC
Galeon,Motor,Galeon 425 HTS
Galeon,Motor,Galeon 440 Fly
Galeon,Motor,Galeon 450 HTC
Galeon,Motor,Galeon 460 Fly
Galeon,Motor,Galeon 470 Skydeck
Galeon,Motor,Galeon 485 HTS
Galeon,Motor,Galeon 500 Fly
Galeon,Motor,Galeon 510 Skydeck
Galeon,Motor,Galeon 550 Fly
Galeon,Motor,Galeon 560 Fly
Galeon,Motor,Galeon 600 Fly
Galeon,Motor,Galeon 640 Fly
Galeon,Motor,Galeon 650 Skydeck
Galeon,Motor,Galeon 680 Fly
Galeon,Motor,Galeon 700 Skydeck
Galeon,Motor,Galeon 800 Fly
Grady-White,Motor,Canyon 271
Grady-White,Motor,Canyon 306
Grady-White,Motor,Canyon 326
Grady-White,Motor,Canyon 336
Grady-White,Motor,Canyon 376
Grady-White,Motor,Canyon 456
Grady-White,Motor,Express 330
Grady-White,Motor,Express 370
Grady-White,Motor,Fisherman 180
Grady-White,Motor,Fisherman 216
Grady-White,Motor,Fisherman 236
Grady-White,Motor,Fisherman 257
Grady-White,Motor,Freedom 215
Grady-White,Motor,Freedom 235
Grady-White,Motor,Freedom 255
Grady-White,Motor,Freedom 275
Grady-White,Motor,Freedom 285
Grady-White,Motor,Freedom 307
Grady-White,Motor,Freedom 325
Grady-White,Motor,Marlin 300
Grand Banks,Motor,Eastbay 38
Grand Banks,Motor,Eastbay 43
Grand Banks,Motor,Eastbay 44
Grand Banks,Motor,Eastbay 46
Grand Banks,Motor,Eastbay 49
Grand Banks,Motor,Eastbay 54
Grand Banks,Motor,Eastbay 55
Grand Banks,Motor,Eastbay 60
Grand Banks,Motor,Grand Banks 32
Grand Banks,Motor,Grand Banks 36
Grand Banks,Motor,Grand Banks 42
Grand Banks,Motor,Grand Banks 46
Grand Banks,Motor,Grand Banks 47
Grand Banks,Motor,Grand Banks 49
Grand Banks,Motor,Grand Banks 52
Grand Banks,Motor,Grand Banks 54
Grand Banks,Motor,Grand Banks 59
Grand Banks,Motor,Grand Banks 60
Grand Banks,Motor,Grand Banks 62
Grand Banks,Motor,Grand Banks 66
Grand Banks,Motor,Grand Banks 85
Grand Soleil,Sailing,Grand Soleil 34
Grand Soleil,Sailing,Grand Soleil 37
Grand Soleil,Sailing,Grand Soleil 39
Grand Soleil,Sailing,Grand Soleil 40
Grand Soleil,Sailing,Grand Soleil 42
Grand Soleil,Sailing,Grand Soleil 43
Grand Soleil,Sailing,Grand Soleil 44
Grand Soleil,Sailing,Grand Soleil 45
Grand Soleil,Sailing,Grand Soleil 46
Grand Soleil,Sailing,Grand Soleil 47
Grand Soleil,Sailing,Grand Soleil 48
Grand Soleil,Sailing,Grand Soleil 50
Grand Soleil,Sailing,Grand Soleil 52
Grand Soleil,Sailing,Grand Soleil 54
Grand Soleil,Sailing,Grand Soleil 56
Grand Soleil,Sailing,Grand Soleil 58
Grand Soleil,Sailing,Grand Soleil 72
Grand Soleil,Sailing,GS 39
Grand Soleil,Sailing,GS 40
Grand Soleil,Sailing,GS 42 LC
Grand Soleil,Sailing,GS 44
Grand Soleil,Sailing,GS 46 LC
Grand Soleil,Sailing,GS 48
Grand Soleil,Sailing,GS 52 LC
Grand Soleil,Sailing,GS 58
Grand Soleil,Sailing,GS 65
Grand Soleil,Sailing,GS 72
Greenline,Motor,Greenline 33
Greenline,Motor,Greenline 39
Greenline,Motor,Greenline 40
Greenline,Motor,Greenline 45 Coupe
Greenline,Motor,Greenline 45 Fly
Greenline,Motor,Greenline 48 Coupe
Greenline,Motor,Greenline 48 Fly
Greenline,Motor,Greenline 58 Fly
Greenline,Motor,OceanClass 68
Gulf Craft / Majesty,Motor,Majesty 100
Gulf Craft / Majesty,Motor,Majesty 111
Gulf Craft / Majesty,Motor,Majesty 120
Gulf Craft / Majesty,Motor,Majesty 140
Gulf Craft / Majesty,Motor,Majesty 160
Gulf Craft / Majesty,Motor,Majesty 62
Gulf Craft / Majesty,Motor,Majesty 72
Gulf Craft / Majesty,Motor,Nomad 101
Gulf Craft / Majesty,Motor,Nomad 55
Gulf Craft / Majesty,Motor,Nomad 65
Gulf Craft / Majesty,Motor,Nomad 75
Gulf Craft / Majesty,Motor,Nomad 95
Gunboat,Sailing Catamaran,Gunboat 48
Gunboat,Sailing Catamaran,Gunboat 55
Gunboat,Sailing Catamaran,Gunboat 57
Gunboat,Sailing Catamaran,Gunboat 60
Gunboat,Sailing Catamaran,Gunboat 66
Gunboat,Sailing Catamaran,Gunboat 68
Gunboat,Sailing Catamaran,Gunboat 72
Gunboat,Sailing Catamaran,Gunboat 78
Gunboat,Sailing Catamaran,Gunboat 80
Hallberg-Rassy,Sailing,HR 29
Hallberg-Rassy,Sailing,HR 31
Hallberg-Rassy,Sailing,HR 312
Hallberg-Rassy,Sailing,HR 34
Hallberg-Rassy,Sailing,HR 342
Hallberg-Rassy,Sailing,HR 352
Hallberg-Rassy,Sailing,HR 36
Hallberg-Rassy,Sailing,HR 37
Hallberg-Rassy,Sailing,HR 372
Hallberg-Rassy,Sailing,HR 39
Hallberg-Rassy,Sailing,HR 40
Hallberg-Rassy,Sailing,HR 40C
Hallberg-Rassy,Sailing,HR 41
Hallberg-Rassy,Sailing,HR 42
Hallberg-Rassy,Sailing,HR 43
Hallberg-Rassy,Sailing,HR 44
Hallberg-Rassy,Sailing,HR 45
Hallberg-Rassy,Sailing,HR 46
Hallberg-Rassy,Sailing,HR 48
Hallberg-Rassy,Sailing,HR 50
Hallberg-Rassy,Sailing,HR 53
Hallberg-Rassy,Sailing,HR 54
Hallberg-Rassy,Sailing,HR 57
Hallberg-Rassy,Sailing,HR 62
Hallberg-Rassy,Sailing,HR 64
Hallberg-Rassy,Sailing,HR 69
Hanse,Sailing,Hanse 291
Hanse,Sailing,Hanse 300
Hanse,Sailing,Hanse 301
Hanse,Sailing,Hanse 315
Hanse,Sailing,Hanse 320
Hanse,Sailing,Hanse 325
Hanse,Sailing,Hanse 342
Hanse,Sailing,Hanse 345
Hanse,Sailing,Hanse 348
Hanse,Sailing,Hanse 350
Hanse,Sailing,Hanse 355
Hanse,Sailing,Hanse 370
Hanse,Sailing,Hanse 371
Hanse,Sailing,Hanse 375
Hanse,Sailing,Hanse 385
Hanse,Sailing,Hanse 388
Hanse,Sailing,Hanse 400
Hanse,Sailing,Hanse 400e
Hanse,Sailing,Hanse 410
Hanse,Sailing,Hanse 415
Hanse,Sailing,Hanse 418
Hanse,Sailing,Hanse 430
Hanse,Sailing,Hanse 445
Hanse,Sailing,Hanse 455
Hanse,Sailing,Hanse 458
Hanse,Sailing,Hanse 460
Hanse,Sailing,Hanse 470
Hanse,Sailing,Hanse 505
Hanse,Sailing,Hanse 508
Hanse,Sailing,Hanse 510
Hanse,Sailing,Hanse 540
Hanse,Sailing,Hanse 545
Hanse,Sailing,Hanse 548
Hanse,Sailing,Hanse 575
Hanse,Sailing,Hanse 588
Hanse,Sailing,Hanse 630e
Hanse,Sailing,Hanse 675
Harris,Pontoon,Crowne
Harris,Pontoon,Cruiser
Harris,Pontoon,Grand Mariner
Harris,Pontoon,Solstice
Harris,Pontoon,Sunliner
Heesen,Motor,Aluminium 50M FDHF
Heesen,Motor,Aluminium 55M
Heesen,Motor,Aluminium 60M
Heesen,Motor,Ocean Z 50M
Heesen,Motor,Steel 50M
Heesen,Motor,Steel 55M
Heesen,Motor,Steel 60M
HH Catamarans,Sailing Catamaran,HH44
HH Catamarans,Sailing Catamaran,HH44 SC
HH Catamarans,Sailing Catamaran,HH50
HH Catamarans,Sailing Catamaran,HH52
HH Catamarans,Sailing Catamaran,HH55
HH Catamarans,Sailing Catamaran,HH60
HH Catamarans,Sailing Catamaran,HH66
HH Catamarans,Sailing Catamaran,HH88
Highfield,RIB,Classic 290
Highfield,RIB,Classic 310
Highfield,RIB,Classic 340
Highfield,RIB,Classic 360
Highfield,RIB,Classic 380
Highfield,RIB,Patrol 540
Highfield,RIB,Patrol 600
Highfield,RIB,Patrol 660
Highfield,RIB,Patrol 700
Highfield,RIB,Patrol 760
Highfield,RIB,Patrol 860
Highfield,RIB,Sport 420
Highfield,RIB,Sport 460
Highfield,RIB,Sport 520
Highfield,RIB,Sport 560
Highfield,RIB,Sport 600
Highfield,RIB,Sport 660
Highfield,RIB,Sport 700
Highfield,RIB,Sport 760
Highfield,RIB,Sport 800
Highfield,RIB,Sport 900
Horizon,Motor,E62
Horizon,Motor,E75
Horizon,Motor,E81
Horizon,Motor,E88
Horizon,Motor,EP150
Horizon,Motor,FD100
Horizon,Motor,FD110
Horizon,Motor,FD75
Horizon,Motor,FD80
Horizon,Motor,FD90
Horizon,Motor,Horizon E56
Horizon,Motor,PC52
Horizon,Motor,PC60
Horizon,Motor,PC65
Horizon,Motor,PC68
Horizon,Motor,RP100
Horizon,Motor,RP110
Horizon,Motor,V68
Horizon,Motor,V72
Horizon,Motor,V77
Hunter,Sailing,Hunter 23
Hunter,Sailing,Hunter 25
Hunter,Sailing,Hunter 26
Hunter,Sailing,Hunter 27
Hunter,Sailing,Hunter 28
Hunter,Sailing,Hunter 29.5
Hunter,Sailing,Hunter 30
Hunter,Sailing,Hunter 31
Hunter,Sailing,Hunter 33
Hunter,Sailing,Hunter 34
Hunter,Sailing,Hunter 36
Hunter,Sailing,Hunter 37
Hunter,Sailing,Hunter 37.5
Hunter,Sailing,Hunter 38
Hunter,Sailing,Hunter 40
Hunter,Sailing,Hunter 41
Hunter,Sailing,Hunter 42 Passage
Hunter,Sailing,Hunter 44
Hunter,Sailing,Hunter 45
Hunter,Sailing,Hunter 46
Hunter,Sailing,Hunter 49
Hunter,Sailing,Hunter 50
ICE Yachts,Sailing,ICE 100
ICE Yachts,Sailing,ICE 52
ICE Yachts,Sailing,ICE 54
ICE Yachts,Sailing,ICE 60
ICE Yachts,Sailing,ICE 62
ICE Yachts,Sailing,ICE 64 Explorer
ICE Yachts,Sailing,ICE 66
ICE Yachts,Sailing,ICE 67
ICE Yachts,Sailing,ICE 70
ICE Yachts,Sailing,ICE 80
Idea Marine,Motor,Idea 100
Idea Marine,Motor,Idea 130
Idea Marine,Motor,Idea 53 Open
Idea Marine,Motor,Idea 58 Open
Idea Marine,Motor,Idea 70.2 Open
Idea Marine,Motor,Idea 70.2 WA
Idea Marine,Motor,Idea 80 Open
Idea Marine,Motor,Idea 80 WA
Intrepid,Motor,Intrepid 327 Center Console
Intrepid,Motor,Intrepid 345 Nomad
Intrepid,Motor,Intrepid 375 Nomad
Intrepid,Motor,Intrepid 400 Nomad
Intrepid,Motor,Intrepid 407 Panacea
Intrepid,Motor,Intrepid 438 Evolution
Intrepid,Motor,Intrepid 475 Panacea
Intrepid,Motor,Intrepid 51 Panacea
Invictus,Motor,240 FX
Invictus,Motor,280 CX
Invictus,Motor,280 GT
Invictus,Motor,320 CX
Invictus,Motor,320 GT
Invictus,Motor,370 GT
Invictus,Motor,370 GT Special Edition
Invictus,Motor,Invictus 190 FX
Invictus,Motor,TT280
Invictus,Motor,TT420
Invictus,Motor,TT460
Italia Yachts,Sailing,Italia 11.98
Italia Yachts,Sailing,Italia 12.98
Italia Yachts,Sailing,Italia 14.98
Italia Yachts,Sailing,Italia 15.98
Italia Yachts,Sailing,Italia 16.98
Italia Yachts,Sailing,Italia 20.98
Italia Yachts,Sailing,Italia 9.98
Itama,Motor,Itama 38
Itama,Motor,Itama 40
Itama,Motor,Itama 45
Itama,Motor,Itama 46
Itama,Motor,Itama 54
Itama,Motor,Itama 55
Itama,Motor,Itama 62
Itama,Motor,Itama 75
J/Boats,Sailing,J/100
J/Boats,Sailing,J/105
J/Boats,Sailing,J/109
J/Boats,Sailing,J/111
J/Boats,Sailing,J/112E
J/Boats,Sailing,J/120
J/Boats,Sailing,J/121
J/Boats,Sailing,J/122
J/Boats,Sailing,J/124
J/Boats,Sailing,J/130
J/Boats,Sailing,J/133
J/Boats,Sailing,J/145
J/Boats,Sailing,J/160
J/Boats,Sailing,J/22
J/Boats,Sailing,J/24
J/Boats,Sailing,J/27
J/Boats,Sailing,J/29
J/Boats,Sailing,J/30
J/Boats,Sailing,J/32
J/Boats,Sailing,J/35
J/Boats,Sailing,J/37
J/Boats,Sailing,J/40
J/Boats,Sailing,J/42
J/Boats,Sailing,J/44
J/Boats,Sailing,J/46
J/Boats,Sailing,J/80
J/Boats,Sailing,J/88
J/Boats,Sailing,J/92
J/Boats,Sailing,J/95
J/Boats,Sailing,J/97
J/Boats,Sailing,J/99
Jeanneau,Motor,Cap Camarat 10.5 WA
Jeanneau,Motor,Cap Camarat 12.5 WA
Jeanneau,Motor,Cap Camarat 5.5 CC
Jeanneau,Motor,Cap Camarat 5.5 WA
Jeanneau,Motor,Cap Camarat 6.5 CC
Jeanneau,Motor,Cap Camarat 6.5 WA
Jeanneau,Motor,Cap Camarat 7.5 CC
Jeanneau,Motor,Cap Camarat 7.5 WA
Jeanneau,Motor,Cap Camarat 9.0 CC
Jeanneau,Motor,Cap Camarat 9.0 WA
Jeanneau,Motor,DB/37
Jeanneau,Motor,DB/43
Jeanneau,Motor,Leader 10
Jeanneau,Motor,Leader 30
Jeanneau,Motor,Leader 33
Jeanneau,Motor,Leader 36
Jeanneau,Motor,Leader 40
Jeanneau,Motor,Leader 46
Jeanneau,Motor,Leader 8
Jeanneau,Motor,Leader 9
Jeanneau,Motor,Merry Fisher 1095
Jeanneau,Motor,Merry Fisher 1295
Jeanneau,Motor,Merry Fisher 595
Jeanneau,Motor,Merry Fisher 625
Jeanneau,Motor,Merry Fisher 645
Jeanneau,Motor,Merry Fisher 695
Jeanneau,Motor,Merry Fisher 725
Jeanneau,Motor,Merry Fisher 755
Jeanneau,Motor,Merry Fisher 795
Jeanneau,Motor,Merry Fisher 805
Jeanneau,Motor,Merry Fisher 855
Jeanneau,Motor,Merry Fisher 895
Jeanneau,Motor,Merry Fisher 925
Jeanneau,Motor,NC 11
Jeanneau,Motor,NC 14
Jeanneau,Motor,NC 9
Jeanneau,Motor,Prestige 30S
Jeanneau,Motor,Prestige 32
Jeanneau,Motor,Prestige 34
Jeanneau,Motor,Prestige 36
Jeanneau,Motor,Prestige 38S
Jeanneau,Motor,Prestige 390S
Jeanneau,Motor,Prestige 400
Jeanneau,Motor,Prestige 420
Jeanneau,Motor,Prestige 440S
Jeanneau,Motor,Prestige 450
Jeanneau,Motor,Prestige 460
Jeanneau,Motor,Prestige 500
Jeanneau,Motor,Prestige 520
Jeanneau,Motor,Prestige 550
Jeanneau,Motor,Prestige 560
Jeanneau,Motor,Prestige 590
Jeanneau,Motor,Prestige 620
Jeanneau,Motor,Prestige 630
Jeanneau,Motor,Prestige 680
Jeanneau,Motor,Prestige 750
Jeanneau,Sailing,Jeanneau 51
Jeanneau,Sailing,Jeanneau 53
Jeanneau,Sailing,Jeanneau 54
Jeanneau,Sailing,Jeanneau 57
Jeanneau,Sailing,Sun 2000
Jeanneau,Sailing,Sun 2500
Jeanneau,Sailing,Sun Fast 20
Jeanneau,Sailing,Sun Fast 26
Jeanneau,Sailing,Sun Fast 32
Jeanneau,Sailing,Sun Fast 35
Jeanneau,Sailing,Sun Fast 36
Jeanneau,Sailing,Sun Fast 37
Jeanneau,Sailing,Sun Fast 39
Jeanneau,Sailing,Sun Fast 40
Jeanneau,Sailing,Sun Fast 41
Jeanneau,Sailing,Sun Fast 43
Jeanneau,Sailing,Sun Odyssey 24.2
Jeanneau,Sailing,Sun Odyssey 26
Jeanneau,Sailing,Sun Odyssey 28.1
Jeanneau,Sailing,Sun Odyssey 29.2
Jeanneau,Sailing,Sun Odyssey 30i
Jeanneau,Sailing,Sun Odyssey 31
Jeanneau,Sailing,Sun Odyssey 32
Jeanneau,Sailing,Sun Odyssey 32i
Jeanneau,Sailing,Sun Odyssey 33i
Jeanneau,Sailing,Sun Odyssey 34.2
Jeanneau,Sailing,Sun Odyssey 35
Jeanneau,Sailing,Sun Odyssey 350
Jeanneau,Sailing,Sun Odyssey 36i
Jeanneau,Sailing,Sun Odyssey 37
Jeanneau,Sailing,Sun Odyssey 379
Jeanneau,Sailing,Sun Odyssey 380
Jeanneau,Sailing,Sun Odyssey 39i
Jeanneau,Sailing,Sun Odyssey 40
Jeanneau,Sailing,Sun Odyssey 40.3
Jeanneau,Sailing,Sun Odyssey 409
Jeanneau,Sailing,Sun Odyssey 410
Jeanneau,Sailing,Sun Odyssey 42
Jeanneau,Sailing,Sun Odyssey 42i
Jeanneau,Sailing,Sun Odyssey 43
Jeanneau,Sailing,Sun Odyssey 439
Jeanneau,Sailing,Sun Odyssey 440
Jeanneau,Sailing,Sun Odyssey 449
Jeanneau,Sailing,Sun Odyssey 45
Jeanneau,Sailing,Sun Odyssey 45 DS
Jeanneau,Sailing,Sun Odyssey 45.1
Jeanneau,Sailing,Sun Odyssey 469
Jeanneau,Sailing,Sun Odyssey 479
Jeanneau,Sailing,Sun Odyssey 490
Jeanneau,Sailing,Sun Odyssey 50 DS
Jeanneau,Sailing,Sun Odyssey 519
Jeanneau,Sailing,Sun Odyssey 52.2
Jeanneau,Sailing,Sun Odyssey 54
Jeanneau,Sailing,Sun Odyssey 54 DS
Jeanneau,Sailing,Yachts 51
Jeanneau,Sailing,Yachts 55
Jeanneau,Sailing,Yachts 60
Jeanneau,Sailing,Yachts 64
Joker Boat,RIB,Clubman 19
Joker Boat,RIB,Clubman 21
Joker Boat,RIB,Clubman 22
Joker Boat,RIB,Clubman 24
Joker Boat,RIB,Clubman 26
Joker Boat,RIB,Clubman 28
Joker Boat,RIB,Clubman 30
Joker Boat,RIB,Clubman 35
Joker Boat,RIB,Clubman 44
Joker Boat,RIB,Coaster 470
Joker Boat,RIB,Coaster 515
Joker Boat,RIB,Coaster 580
Joker Boat,RIB,Coaster 600
Joker Boat,RIB,Coaster 650
Joker Boat,RIB,Coaster 650 Plus
Joker Boat,RIB,Coaster 700
Joker Boat,RIB,Coaster 750
Joker Boat,RIB,Coaster 800
Joker Boat,RIB,Wide 520
Joker Boat,RIB,Wide 620
Karnic,Motor,Karnic 1851 Open
Karnic,Motor,Karnic 2051
Karnic,Motor,Karnic 2251
Karnic,Motor,Karnic 800
Karnic,Motor,Karnic CS700
Karnic,Motor,Karnic CS800
Karnic,Motor,Karnic S37x
Karnic,Motor,Karnic SL600
Karnic,Motor,Karnic SL601
Karnic,Motor,Karnic SL602
Karnic,Motor,Karnic SL651
Karnic,Motor,Karnic SL652
Karnic,Motor,Karnic SL701
Karnic,Motor,Karnic SL742
Lagoon,Power Catamaran,Lagoon 630 Motor Yacht
Lagoon,Power Catamaran,Lagoon Power 43
Lagoon,Power Catamaran,Lagoon Power 44
Lagoon,Power Catamaran,Lagoon Sixty 7
Lagoon,Sailing Catamaran,Lagoon 35 CCC
Lagoon,Sailing Catamaran,Lagoon 37
Lagoon,Sailing Catamaran,Lagoon 380
Lagoon,Sailing Catamaran,Lagoon 39
Lagoon,Sailing Catamaran,Lagoon 400
Lagoon,Sailing Catamaran,Lagoon 400 S2
Lagoon,Sailing Catamaran,Lagoon 410
Lagoon,Sailing Catamaran,Lagoon 42
Lagoon,Sailing Catamaran,Lagoon 421
Lagoon,Sailing Catamaran,Lagoon 440
Lagoon,Sailing Catamaran,Lagoon 450
Lagoon,Sailing Catamaran,Lagoon 450 F
Lagoon,Sailing Catamaran,Lagoon 450 S
Lagoon,Sailing Catamaran,Lagoon 46
Lagoon,Sailing Catamaran,Lagoon 47
Lagoon,Sailing Catamaran,Lagoon 50
Lagoon,Sailing Catamaran,Lagoon 51
Lagoon,Sailing Catamaran,Lagoon 52
Lagoon,Sailing Catamaran,Lagoon 52 F
Lagoon,Sailing Catamaran,Lagoon 52 S
Lagoon,Sailing Catamaran,Lagoon 55
Lagoon,Sailing Catamaran,Lagoon 560
Lagoon,Sailing Catamaran,Lagoon 57
Lagoon,Sailing Catamaran,Lagoon 620
Lagoon,Sailing Catamaran,Lagoon 65
Lagoon,Sailing Catamaran,Lagoon 67
Lagoon,Sailing Catamaran,Lagoon Seventy 7
Lema,Motor,Lema Clon
Lema,Motor,Lema Duna 290
Lema,Motor,Lema Gen
Lema,Motor,Lema Gold
Lema,Motor,Lema Koper 19
Lema,Motor,Lema Sabinal
Leopard,Power Catamaran,Leopard 39 PC
Leopard,Power Catamaran,Leopard 40 PC
Leopard,Power Catamaran,Leopard 43 PC
Leopard,Power Catamaran,Leopard 46 PC
Leopard,Power Catamaran,Leopard 51 PC
Leopard,Power Catamaran,Leopard 53 Powercat
Leopard,Sailing Catamaran,Leopard 39
Leopard,Sailing Catamaran,Leopard 40
Leopard,Sailing Catamaran,Leopard 42
Leopard,Sailing Catamaran,Leopard 44
Leopard,Sailing Catamaran,Leopard 45
Leopard,Sailing Catamaran,Leopard 46
Leopard,Sailing Catamaran,Leopard 47
Leopard,Sailing Catamaran,Leopard 48
Leopard,Sailing Catamaran,Leopard 50
Leopard,Sailing Catamaran,Leopard 58
Linssen,Motor,Grand Sturdy 30.0
Linssen,Motor,Grand Sturdy 35.0
Linssen,Motor,Grand Sturdy 40.0
Linssen,Motor,Grand Sturdy 45.0
Linssen,Motor,Grand Sturdy 480 AC Variotop
Linssen,Motor,Grand Sturdy 500 AC Variotop
Linssen,Motor,Grand Sturdy 550 AC Variotop
Lomac,RIB,Adrenalina 10.5
Lomac,RIB,Adrenalina 7.0
Lomac,RIB,Adrenalina 8.5
Lomac,RIB,Adrenalina 9.5
Lomac,RIB,GranTurismo 10.5
Lomac,RIB,GranTurismo 12.0
Lomac,RIB,GranTurismo 14.0
Lomac,RIB,GranTurismo 8.5
Lomac,RIB,Lomac 1000 IN
Lomac,RIB,Lomac 1100 IN
Lomac,RIB,Lomac 540 IN
Lomac,RIB,Lomac 600 IN
Lomac,RIB,Lomac 660 IN
Lomac,RIB,Lomac 710 IN
Lomac,RIB,Lomac 790 IN
Lomac,RIB,Lomac 850 IN
Lund,Motor,1775 Adventure
Lund,Motor,1775 Impact
Lund,Motor,1875 Crossover XS
Lund,Motor,1875 Impact
Lund,Motor,189 Pro-V GL
Lund,Motor,1975 Tyee
Lund,Motor,2075 Pro-V
Lund,Motor,2075 Tyee
Lund,Motor,2175 Pro-V
Lund,Motor,Lund 1650 Rebel XL
Lürssen,Motor,Custom 100m+
Lürssen,Motor,Custom 60m
Lürssen,Motor,Custom 70m
Lürssen,Motor,Custom 80m
Lürssen,Motor,Custom 90m
Malibu,Motor,M220
Malibu,Motor,M230
Malibu,Motor,M242
Malibu,Motor,Response TXi
Malibu,Motor,Wakesetter 20 VTX
Malibu,Motor,Wakesetter 21 LX
Malibu,Motor,Wakesetter 22 LSV
Malibu,Motor,Wakesetter 23 LSV
Malibu,Motor,Wakesetter 23 MXZ
Malibu,Motor,Wakesetter 24 MXZ
Malibu,Motor,Wakesetter 25 LSV
Maori Yacht,Motor,Maori 125
Maori Yacht,Motor,Maori 46
Maori Yacht,Motor,Maori 54
Maori Yacht,Motor,Maori 64
Maori Yacht,Motor,Maori 80
Marex,Motor,Marex 280 Holiday
Marex,Motor,Marex 290 Sun Cruiser
Marex,Motor,Marex 310 Sun Cruiser
Marex,Motor,Marex 320 Aft Cabin Cruiser
Marex,Motor,Marex 330 Scandinavia
Marex,Motor,Marex 350 Scandinavia
Marex,Motor,Marex 360 Cabriolet Cruiser
Marex,Motor,Marex 375
Marex,Motor,Marex 440 Scandinavia
Marinello,Motor,Cabin 650
Marinello,Motor,Cabin 750
Marinello,Motor,Cabin 950
Marinello,Motor,Eden 18
Marinello,Motor,Eden 20
Marinello,Motor,Eden 22
Marinello,Motor,Eden 26
Marinello,Motor,Fisherman 16
Marinello,Motor,Fisherman 17
Marinello,Motor,Fisherman 19
Marinello,Motor,Fisherman 20
Marinello,Motor,Fisherman 22
Marinello,Motor,Fisherman 26
Maritimo,Motor,M48
Maritimo,Motor,M50
Maritimo,Motor,M51
Maritimo,Motor,M52
Maritimo,Motor,M55
Maritimo,Motor,M57
Maritimo,Motor,M60
Maritimo,Motor,M62
Maritimo,Motor,M64
Maritimo,Motor,M70
Maritimo,Motor,M75
Maritimo,Motor,S51
Maritimo,Motor,S55
Maritimo,Motor,S60
Maritimo,Motor,S62
Maritimo,Motor,S70
Maritimo,Motor,X50
Maritimo,Motor,X54
Maritimo,Motor,X60
MasterCraft,Motor,NXT20
MasterCraft,Motor,NXT21
MasterCraft,Motor,NXT22
MasterCraft,Motor,NXT23
MasterCraft,Motor,X22
MasterCraft,Motor,X24
MasterCraft,Motor,X26
MasterCraft,Motor,XStar
MasterCraft,Motor,XStar S
MasterCraft,Motor,XT20
MasterCraft,Motor,XT22
MasterCraft,Motor,XT23
MasterCraft,Motor,XT24
Mazu Yachts,Motor,Mazu 112
Mazu Yachts,Motor,Mazu 38
Mazu Yachts,Motor,Mazu 42
Mazu Yachts,Motor,Mazu 52
Mazu Yachts,Motor,Mazu 62
Mazu Yachts,Motor,Mazu 82
Mazu Yachts,Motor,Mazu 92
Menorquin,Motor,Menorquin 100
Menorquin,Motor,Menorquin 34
Menorquin,Motor,Menorquin 36
Menorquin,Motor,Menorquin 42
Menorquin,Motor,Menorquin 48
Menorquin,Motor,Menorquin 54
Menorquin,Motor,Menorquin 68
Monte Carlo Yachts,Motor,MCY 105
Monte Carlo Yachts,Motor,MCY 65
Monte Carlo Yachts,Motor,MCY 66
Monte Carlo Yachts,Motor,MCY 70
Monte Carlo Yachts,Motor,MCY 76
Monte Carlo Yachts,Motor,MCY 80
Monte Carlo Yachts,Motor,MCY 86
Monte Carlo Yachts,Motor,MCY 96
Monterey,Motor,258SS
Monterey,Motor,278SS
Monterey,Motor,295SY
Monterey,Motor,298SS
Monterey,Motor,315SY
Monterey,Motor,328SS
Monterey,Motor,335SY
Monterey,Motor,355SY
Monterey,Motor,378SS
Monterey,Motor,M-205
Monterey,Motor,M-225
Monterey,Motor,M-45
Monterey,Motor,M-55
Monterey,Motor,M-65
Monterey,Motor,M22
Monterey,Motor,M45
Monterey,Motor,M6
Monterey,Motor,M65
Moody,Sailing,Moody 27
Moody,Sailing,Moody 29
Moody,Sailing,Moody 31
Moody,Sailing,Moody 33
Moody,Sailing,Moody 34
Moody,Sailing,Moody 35
Moody,Sailing,Moody 36
Moody,Sailing,Moody 376
Moody,Sailing,Moody 38
Moody,Sailing,Moody 41
Moody,Sailing,Moody 42
Moody,Sailing,Moody 44
Moody,Sailing,Moody 45 DS
Moody,Sailing,Moody 46
Moody,Sailing,Moody 54 DS
Moody,Sailing,Moody 62 DS
Moonen,Motor,Moonen 110
Moonen,Motor,Moonen 120
Moonen,Motor,Moonen 122 Martinique
Moonen,Motor,Moonen 133
Moonen,Motor,Moonen 150
Moonen,Motor,Moonen 84
Moonen,Motor,Moonen 97
Mulder,Motor,Favorite 1500
Mulder,Motor,Favorite 1700
Mulder,Motor,Favorite 2200
Mulder,Motor,Mulder 59
Mulder,Motor,Mulder 68
Mulder,Motor,Mulder 76
Mulder,Motor,Mulder 94
Mulder,Motor,ThirtySix
Narwhal,RIB,HD 520
Narwhal,RIB,HD 550
Narwhal,RIB,HD 580
Narwhal,RIB,HD 620
Narwhal,RIB,HD 670
Narwhal,RIB,HD 750
Narwhal,RIB,Narwhal HD 480
Narwhal,RIB,WB 550
Narwhal,RIB,WB 620
Narwhal,RIB,WB 700
Nautique,Motor,G21
Nautique,Motor,G23
Nautique,Motor,G23 Paragon
Nautique,Motor,G25
Nautique,Motor,G25 Paragon
Nautique,Motor,GS20
Nautique,Motor,GS22
Nautique,Motor,GS24
Nautique,Motor,S21
Nautique,Motor,S23
Nautique,Motor,Super Air Nautique 210
Nautitech,Sailing Catamaran,Nautitech 40 Open
Nautitech,Sailing Catamaran,Nautitech 44 Open
Nautitech,Sailing Catamaran,Nautitech 46 Fly
Nautitech,Sailing Catamaran,Nautitech 46 Open
Nautitech,Sailing Catamaran,Nautitech 47
Nautitech,Sailing Catamaran,Nautitech 542
Nautor Swan,Sailing,ClubSwan 36
Nautor Swan,Sailing,ClubSwan 42
Nautor Swan,Sailing,ClubSwan 43
Nautor Swan,Sailing,ClubSwan 50
Nautor Swan,Sailing,ClubSwan 80
Nautor Swan,Sailing,Swan 100
Nautor Swan,Sailing,Swan 115
Nautor Swan,Sailing,Swan 36
Nautor Swan,Sailing,Swan 37
Nautor Swan,Sailing,Swan 38
Nautor Swan,Sailing,Swan 39
Nautor Swan,Sailing,Swan 40
Nautor Swan,Sailing,Swan 41
Nautor Swan,Sailing,Swan 42
Nautor Swan,Sailing,Swan 43
Nautor Swan,Sailing,Swan 44
Nautor Swan,Sailing,Swan 45
Nautor Swan,Sailing,Swan 46
Nautor Swan,Sailing,Swan 47
Nautor Swan,Sailing,Swan 48
Nautor Swan,Sailing,Swan 50
Nautor Swan,Sailing,Swan 51
Nautor Swan,Sailing,Swan 53
Nautor Swan,Sailing,Swan 54
Nautor Swan,Sailing,Swan 55
Nautor Swan,Sailing,Swan 56
Nautor Swan,Sailing,Swan 57
Nautor Swan,Sailing,Swan 58
Nautor Swan,Sailing,Swan 60
Nautor Swan,Sailing,Swan 61
Nautor Swan,Sailing,Swan 62
Nautor Swan,Sailing,Swan 65
Nautor Swan,Sailing,Swan 66
Nautor Swan,Sailing,Swan 68
Nautor Swan,Sailing,Swan 70
Nautor Swan,Sailing,Swan 78
Nautor Swan,Sailing,Swan 80
Nautor Swan,Sailing,Swan 82
Nautor Swan,Sailing,Swan 90
Nimbus,Motor,Nimbus 230 R
Nimbus,Motor,Nimbus 250 R
Nimbus,Motor,Nimbus 26 Nova
Nimbus,Motor,Nimbus 280 Coupe
Nimbus,Motor,Nimbus 305 Coupe
Nimbus,Motor,Nimbus 305 Drophead
Nimbus,Motor,Nimbus 320 Coupe
Nimbus,Motor,Nimbus 340 Commander
Nimbus,Motor,Nimbus 350 Coupe
Nimbus,Motor,Nimbus 365 Coupe
Nimbus,Motor,Nimbus 380 Commander
Nimbus,Motor,Nimbus 405 Coupe
Nimbus,Motor,Nimbus C11
Nimbus,Motor,Nimbus C8
Nimbus,Motor,Nimbus C9
Nimbus,Motor,Nimbus T11
Nimbus,Motor,Nimbus T12
Nimbus,Motor,Nimbus T8
Nimbus,Motor,Nimbus T9
Nimbus,Motor,Nimbus W11
Nimbus,Motor,Nimbus W9
Nord Star,Motor,Nord Star 22
Nord Star,Motor,Nord Star 24
Nord Star,Motor,Nord Star 26
Nord Star,Motor,Nord Star 28
Nord Star,Motor,Nord Star 31
Nord Star,Motor,Nord Star 32
Nord Star,Motor,Nord Star 36
Nord Star,Motor,Nord Star 42
Nord Star,Motor,Nord Star 49+
Nordhavn,Motor,Nordhavn 120
Nordhavn,Motor,Nordhavn 40
Nordhavn,Motor,Nordhavn 41
Nordhavn,Motor,Nordhavn 43
Nordhavn,Motor,Nordhavn 46
Nordhavn,Motor,Nordhavn 47
Nordhavn,Motor,Nordhavn 50
Nordhavn,Motor,Nordhavn 52
Nordhavn,Motor,Nordhavn 55
Nordhavn,Motor,Nordhavn 56 MS
Nordhavn,Motor,Nordhavn 57
Nordhavn,Motor,Nordhavn 59 Coastal Pilot
Nordhavn,Motor,Nordhavn 60
Nordhavn,Motor,Nordhavn 62
Nordhavn,Motor,Nordhavn 63
Nordhavn,Motor,Nordhavn 64
Nordhavn,Motor,Nordhavn 68
Nordhavn,Motor,Nordhavn 72
Nordhavn,Motor,Nordhavn 75 EYF
Nordhavn,Motor,Nordhavn 76
Nordhavn,Motor,Nordhavn 80
Nordhavn,Motor,Nordhavn 86
Nordhavn,Motor,Nordhavn 96
Numarine,Motor,Numarine 22XP
Numarine,Motor,Numarine 26XP
Numarine,Motor,Numarine 30XP
Numarine,Motor,Numarine 32XP
Numarine,Motor,Numarine 37XP
Numarine,Motor,Numarine 40MXP
Numarine,Motor,Numarine 45XP
Numarine,Motor,Numarine 52
Numarine,Motor,Numarine 55
Numarine,Motor,Numarine 62
Numarine,Motor,Numarine 70
Numarine,Motor,Numarine 78
Numarine,Motor,Numarine 78HTS
Nuva Yachts,Motor,M11
Nuva Yachts,Motor,M14
Nuva Yachts,Motor,M6 Cabin
Nuva Yachts,Motor,M6 Open
Nuva Yachts,Motor,M8
Nuva Yachts,Motor,M9
Ocean Alexander,Motor,100
Ocean Alexander,Motor,100 Skylounge
Ocean Alexander,Motor,120
Ocean Alexander,Motor,27E
Ocean Alexander,Motor,28E
Ocean Alexander,Motor,30R
Ocean Alexander,Motor,32L
Ocean Alexander,Motor,35P
Ocean Alexander,Motor,45 Divergence
Ocean Alexander,Motor,54
Ocean Alexander,Motor,70E
Ocean Alexander,Motor,72
Ocean Alexander,Motor,74
Ocean Alexander,Motor,84R
Ocean Alexander,Motor,90R
Oceanco,Motor,Custom 100m+
Oceanco,Motor,Custom 80m
Oceanco,Motor,Custom 90m
OTAM,Motor,OTAM 45
OTAM,Motor,OTAM 55
OTAM,Motor,OTAM 58
OTAM,Motor,OTAM 65 HT
OTAM,Motor,OTAM 70 HT
OTAM,Motor,OTAM 80 HT
OTAM,Motor,OTAM 90 GTS
Outremer,Sailing Catamaran,Outremer 45
Outremer,Sailing Catamaran,Outremer 49
Outremer,Sailing Catamaran,Outremer 4X
Outremer,Sailing Catamaran,Outremer 51
Outremer,Sailing Catamaran,Outremer 52
Outremer,Sailing Catamaran,Outremer 55
Outremer,Sailing Catamaran,Outremer 5X
Oyster,Sailing,Oyster 37
Oyster,Sailing,Oyster 39
Oyster,Sailing,Oyster 41
Oyster,Sailing,Oyster 435
Oyster,Sailing,Oyster 45
Oyster,Sailing,Oyster 46
Oyster,Sailing,Oyster 47
Oyster,Sailing,Oyster 49
Oyster,Sailing,Oyster 53
Oyster,Sailing,Oyster 54
Oyster,Sailing,Oyster 55
Oyster,Sailing,Oyster 56
Oyster,Sailing,Oyster 565
Oyster,Sailing,Oyster 575
Oyster,Sailing,Oyster 595
Oyster,Sailing,Oyster 61
Oyster,Sailing,Oyster 62
Oyster,Sailing,Oyster 625
Oyster,Sailing,Oyster 655
Oyster,Sailing,Oyster 675
Oyster,Sailing,Oyster 72
Oyster,Sailing,Oyster 745
Oyster,Sailing,Oyster 80
Oyster,Sailing,Oyster 82
Oyster,Sailing,Oyster 885
Pacific Craft,Motor,Pacific Craft 27 RX
Pacific Craft,Motor,Pacific Craft 30 RX
Pacific Craft,Motor,Pacific Craft 500 Cabin
Pacific Craft,Motor,Pacific Craft 545 Open
Pacific Craft,Motor,Pacific Craft 600 Sun Cruiser
Pacific Craft,Motor,Pacific Craft 625 Open
Pacific Craft,Motor,Pacific Craft 630 Sun Cruiser
Pacific Craft,Motor,Pacific Craft 670 Open
Pacific Craft,Motor,Pacific Craft 700 Sun Cruiser
Pacific Craft,Motor,Pacific Craft 750 Open
Pacific Craft,Motor,Pacific Craft 750 Sun Cruiser
Pacific Craft,Motor,Pacific Craft 815 Sun Cruiser
Palm Beach Motor Yachts,Motor,GT50
Palm Beach Motor Yachts,Motor,GT60
Palm Beach Motor Yachts,Motor,GT70
Palm Beach Motor Yachts,Motor,PB42
Palm Beach Motor Yachts,Motor,PB45
Palm Beach Motor Yachts,Motor,PB50
Palm Beach Motor Yachts,Motor,PB52
Palm Beach Motor Yachts,Motor,PB55
Palm Beach Motor Yachts,Motor,PB65
Palm Beach Motor Yachts,Motor,PB70
Pardo Yachts,Motor,Pardo 38
Pardo Yachts,Motor,Pardo 43
Pardo Yachts,Motor,Pardo 50
Pardo Yachts,Motor,Pardo Endurance 60
Pardo Yachts,Motor,Pardo Endurance 72
Pardo Yachts,Motor,Pardo GT52
Pardo Yachts,Motor,Pardo GT65
Parker,Motor,Parker 630 Bow Rider
Parker,Motor,Parker 660 Open
Parker,Motor,Parker 660 Pilothouse
Parker,Motor,Parker 690 Bow Rider
Parker,Motor,Parker 690 Day Cruiser
Parker,Motor,Parker 700 Pilothouse
Parker,Motor,Parker 750 Day Cruiser
Parker,Motor,Parker 760 Quest
Parker,Motor,Parker 770 Weekend
Parker,Motor,Parker 800 Cruiser
Parker,Motor,Parker 800 Weekend
Parker,Motor,Parker 850 Voyager
Parker,Motor,Parker 920 Explorer
Parker,Motor,Parker 920 Explorer MAX
Parker,Motor,Parker Monaco 110
Pearl Yachts,Motor,Pearl 50
Pearl Yachts,Motor,Pearl 55
Pearl Yachts,Motor,Pearl 62
Pearl Yachts,Motor,Pearl 65
Pearl Yachts,Motor,Pearl 72
Pearl Yachts,Motor,Pearl 80
Pearl Yachts,Motor,Pearl 82
Pearl Yachts,Motor,Pearl 95
Pershing,Motor,Pershing 108
Pershing,Motor,Pershing 115
Pershing,Motor,Pershing 37
Pershing,Motor,Pershing 43
Pershing,Motor,Pershing 46
Pershing,Motor,Pershing 50
Pershing,Motor,Pershing 50.1
Pershing,Motor,Pershing 52
Pershing,Motor,Pershing 54
Pershing,Motor,Pershing 56
Pershing,Motor,Pershing 58
Pershing,Motor,Pershing 5X
Pershing,Motor,Pershing 62
Pershing,Motor,Pershing 64
Pershing,Motor,Pershing 6X
Pershing,Motor,Pershing 70
Pershing,Motor,Pershing 72
Pershing,Motor,Pershing 74
Pershing,Motor,Pershing 76
Pershing,Motor,Pershing 7X
Pershing,Motor,Pershing 80
Pershing,Motor,Pershing 82
Pershing,Motor,Pershing 8X
Pershing,Motor,Pershing 92
Pershing,Motor,Pershing 9X
Pershing,Motor,Pershing GTX116
Pershing,Motor,Pershing GTX80
Pirelli Speedboats,RIB / Motor,Pirelli 30
Pirelli Speedboats,RIB / Motor,Pirelli 35
Pirelli Speedboats,RIB / Motor,Pirelli 42
Pirelli Speedboats,RIB / Motor,Pirelli 50
Prestige,Motor,Prestige 30S
Prestige,Motor,Prestige 32
Prestige,Motor,Prestige 34
Prestige,Motor,Prestige 350
Prestige,Motor,Prestige 36
Prestige,Motor,Prestige 390S
Prestige,Motor,Prestige 400
Prestige,Motor,Prestige 420
Prestige,Motor,Prestige 440S
Prestige,Motor,Prestige 450
Prestige,Motor,Prestige 460
Prestige,Motor,Prestige 500
Prestige,Motor,Prestige 520
Prestige,Motor,Prestige 550
Prestige,Motor,Prestige 560
Prestige,Motor,Prestige 590
Prestige,Motor,Prestige 620
Prestige,Motor,Prestige 630
Prestige,Motor,Prestige 680
Prestige,Motor,Prestige 750
Prestige,Motor,Prestige M48
Prestige,Motor,Prestige M7
Prestige,Motor,Prestige M8
Prestige,Motor,Prestige X60
Prestige,Motor,Prestige X70
Princecraft,Motor / Pontoon,Quorum 23
Princecraft,Motor / Pontoon,Quorum 25
Princecraft,Motor / Pontoon,Sport 172
Princecraft,Motor / Pontoon,Sport 182
Princecraft,Motor / Pontoon,Sport 192
Princecraft,Motor / Pontoon,Vectra 21
Princecraft,Motor / Pontoon,Vectra 23
Princecraft,Motor / Pontoon,Vectra 25
Princecraft,Motor / Pontoon,Ventura 192
Princecraft,Motor / Pontoon,Ventura 224
Princecraft,Motor / Pontoon,Vogue 25
Princecraft,Motor / Pontoon,Vogue 27
Princess,Motor,F45
Princess,Motor,F49
Princess,Motor,F50
Princess,Motor,F52
Princess,Motor,F55
Princess,Motor,F58
Princess,Motor,F62
Princess,Motor,F65
Princess,Motor,F70
Princess,Motor,S60
Princess,Motor,S62
Princess,Motor,S65
Princess,Motor,S66
Princess,Motor,S72
Princess,Motor,S78
Princess,Motor,V39
Princess,Motor,V40
Princess,Motor,V42
Princess,Motor,V45
Princess,Motor,V48
Princess,Motor,V50
Princess,Motor,V53
Princess,Motor,V55
Princess,Motor,V57
Princess,Motor,V58
Princess,Motor,V60
Princess,Motor,V62
Princess,Motor,V65
Princess,Motor,X80
Princess,Motor,X95
Princess,Motor,Y72
Princess,Motor,Y75
Princess,Motor,Y78
Princess,Motor,Y80
Princess,Motor,Y85
Princess,Motor,Y88
Princess,Motor,Y95
Privilege,Sailing Catamaran,Privilege 37
Privilege,Sailing Catamaran,Privilege 42
Privilege,Sailing Catamaran,Privilege 435
Privilege,Sailing Catamaran,Privilege 445
Privilege,Sailing Catamaran,Privilege 465
Privilege,Sailing Catamaran,Privilege 495
Privilege,Sailing Catamaran,Privilege 510
Privilege,Sailing Catamaran,Privilege 585
Privilege,Sailing Catamaran,Privilege 615
Privilege,Sailing Catamaran,Privilege 640
Privilege,Sailing Catamaran,Privilege 745
Privilege,Sailing Catamaran,Privilege Signature 580
Privilege,Sailing Catamaran,Privilege Signature 650
Pursuit,Motor,DC 246
Pursuit,Motor,DC 266
Pursuit,Motor,DC 306
Pursuit,Motor,DC 326
Pursuit,Motor,DC 365
Pursuit,Motor,OS 255
Pursuit,Motor,OS 285
Pursuit,Motor,OS 325
Pursuit,Motor,OS 355
Pursuit,Motor,OS 405
Pursuit,Motor,OS 445
Pursuit,Motor,S 248
Pursuit,Motor,S 268
Pursuit,Motor,S 288
Pursuit,Motor,S 328
Pursuit,Motor,S 358
Pursuit,Motor,S 378
Pursuit,Motor,S 428
Quicksilver,Motor,430 Fish
Quicksilver,Motor,470 Cruiser
Quicksilver,Motor,500 Commander
Quicksilver,Motor,510 Cruiser
Quicksilver,Motor,555 Commander
Quicksilver,Motor,620 Flamingo
Quicksilver,Motor,640 Pilothouse
Quicksilver,Motor,650 Camping
Quicksilver,Motor,675 Pilothouse
Quicksilver,Motor,705 Pilothouse
Quicksilver,Motor,755 Weekend
Quicksilver,Motor,855 Weekend
Quicksilver,Motor,Activ 455 Cabin
Quicksilver,Motor,Activ 505 Cabin
Quicksilver,Motor,Activ 505 Open
Quicksilver,Motor,Activ 555 Bowrider
Quicksilver,Motor,Activ 555 Cabin
Quicksilver,Motor,Activ 555 Open
Quicksilver,Motor,Activ 555 Sundeck
Quicksilver,Motor,Activ 605 Bowrider
Quicksilver,Motor,Activ 605 Cruiser
Quicksilver,Motor,Activ 605 Open
Quicksilver,Motor,Activ 605 Sundeck
Quicksilver,Motor,Activ 675 Bowrider
Quicksilver,Motor,Activ 675 Cruiser
Quicksilver,Motor,Activ 675 Open
Quicksilver,Motor,Activ 675 Sundeck
Quicksilver,Motor,Activ 675 Weekend
Quicksilver,Motor,Activ 705 Cruiser
Quicksilver,Motor,Activ 705 Open
Quicksilver,Motor,Activ 705 Weekend
Quicksilver,Motor,Activ 755 Cruiser
Quicksilver,Motor,Activ 755 Open
Quicksilver,Motor,Activ 755 Sundeck
Quicksilver,Motor,Activ 755 Weekend
Quicksilver,Motor,Activ 805 Cruiser
Quicksilver,Motor,Activ 805 Open
Quicksilver,Motor,Activ 805 Sundeck
Quicksilver,Motor,Activ 805 Weekend
Quicksilver,Motor,Activ 875 Cruiser
Quicksilver,Motor,Activ 875 Sundeck
Quicksilver,Motor,Activ 905 Weekend
Quicksilver,Motor,Captur 605 Pilothouse
Quicksilver,Motor,Captur 675 Pilothouse
Quicksilver,Motor,Captur 755 Pilothouse
Quicksilver,Motor,Captur 805 Pilothouse
Quicksilver,Motor,Captur 905 Pilothouse
Ranieri International,Motor,Cayman 19 Sport
Ranieri International,Motor,Cayman 21 Sport
Ranieri International,Motor,Cayman 23 Sport
Ranieri International,Motor,Cayman 26 Sport
Ranieri International,Motor,Cayman 28 Executive
Ranieri International,Motor,Cayman 35 Executive
Ranieri International,Motor,Cayman 38 Executive
Ranieri International,Motor,Cayman 45 Cruiser
Ranieri International,Motor,Next 220 SH
Ranieri International,Motor,Next 240 SH
Ranieri International,Motor,Next 255 LX
Ranieri International,Motor,Next 275 LX
Ranieri International,Motor,Next 285 LX
Ranieri International,Motor,Next 330 LX
Ranieri International,Motor,Shadow 20
Ranieri International,Motor,Shadow 22
Ranieri International,Motor,Shadow 24
Ranieri International,Motor,Shadow 30
Ranieri International,Motor,Voyager 17
Ranieri International,Motor,Voyager 19 S
Ranieri International,Motor,Voyager 21 S
Ranieri International,Motor,Voyager 22
Ranieri International,Motor,Voyager 23 S
Ranieri International,Motor,Voyager 26 S
Regal,Motor,1900 ES
Regal,Motor,2000 ES
Regal,Motor,2100 RX
Regal,Motor,2300 RX
Regal,Motor,2500 RX
Regal,Motor,26 Express
Regal,Motor,28 Express
Regal,Motor,30 Express
Regal,Motor,33 Express
Regal,Motor,35 Sport Coupe
Regal,Motor,36 Grande Coupe
Regal,Motor,38 Grande Coupe
Regal,Motor,42 Fly
Regal,Motor,42 Grande Coupe
Regal,Motor,LS2
Regal,Motor,LS4
Regal,Motor,LS6
Regal,Motor,LX2
Regal,Motor,LX36
Regal,Motor,LX4
Regal,Motor,LX6
Regulator,Motor,Regulator 23
Regulator,Motor,Regulator 24 XO
Regulator,Motor,Regulator 26 XO
Regulator,Motor,Regulator 28
Regulator,Motor,Regulator 30 XO
Regulator,Motor,Regulator 31
Regulator,Motor,Regulator 34
Regulator,Motor,Regulator 37
Regulator,Motor,Regulator 41
Ribco,RIB,Scorpion 36
Ribco,RIB,Seafarer 28
Ribco,RIB,Seafarer 33
Ribco,RIB,Venom 34
Ribco,RIB,Venom 39
Ribco,RIB,Venom 44
Ribco,RIB,Venom 44 HT
Rio Yachts,Motor,Rio 32 Blu
Rio Yachts,Motor,Rio 34 Espera
Rio Yachts,Motor,Rio 40 Art
Rio Yachts,Motor,Rio 42 Air
Rio Yachts,Motor,Rio 44 Air
Rio Yachts,Motor,Rio 46 Air
Rio Yachts,Motor,Rio 52 Colorado
Rio Yachts,Motor,Rio 56
Rio Yachts,Motor,Rio 62
Riva,Motor,100' Corsaro
Riva,Motor,110' Dolcevita
Riva,Motor,130' Bellissima
Riva,Motor,54 Metri
Riva,Motor,Aquariva
Riva,Motor,Aquariva Super
Riva,Motor,Argo 90
Riva,Motor,Corsaro 100
Riva,Motor,Corsaro Super 102
Riva,Motor,Diable 68
Riva,Motor,Dolceriva
Riva,Motor,Dolcevita 70
Riva,Motor,Dolcevita 70 Super
Riva,Motor,Domino 86
Riva,Motor,Domino Super 88
Riva,Motor,Florida 88
Riva,Motor,Folgore 88
Riva,Motor,Iseo
Riva,Motor,Opera 85
Riva,Motor,Opera Super 85
Riva,Motor,Perseo 76
Riva,Motor,Perseo Super 76
Riva,Motor,Ribelle 66
Riva,Motor,Rivale 52
Riva,Motor,Rivale 56
Riva,Motor,Rivamare
Riva,Motor,Rivarama
Riva,Motor,SportRiva 56
Riva,Motor,Venere 75
Riva,Motor,Venere Super 75
Riva,Motor,Virtus 63
Riva,Motor,Virtus 68
Riviera,Motor,Riviera 34
Riviera,Motor,Riviera 36
Riviera,Motor,Riviera 37
Riviera,Motor,Riviera 39
Riviera,Motor,Riviera 40
Riviera,Motor,Riviera 42
Riviera,Motor,Riviera 43
Riviera,Motor,Riviera 45
Riviera,Motor,Riviera 46
Riviera,Motor,Riviera 47
Riviera,Motor,Riviera 48
Riviera,Motor,Riviera 50
Riviera,Motor,Riviera 51
Riviera,Motor,Riviera 52
Riviera,Motor,Riviera 53
Riviera,Motor,Riviera 54
Riviera,Motor,Riviera 55
Riviera,Motor,Riviera 57
Riviera,Motor,Riviera 58
Riviera,Motor,Riviera 6000 Sport Yacht
Riviera,Motor,Riviera 645 SUV
Riviera,Motor,Riviera 6800 Sport Yacht
Riviera,Motor,Riviera 72 Sports Motor Yacht
Riviera,Motor,Riviera 78 Motor Yacht
Robalo,Motor,R160
Robalo,Motor,R180
Robalo,Motor,R200
Robalo,Motor,R207 Dual Console
Robalo,Motor,R222
Robalo,Motor,R227 Dual Console
Robalo,Motor,R230
Robalo,Motor,R242
Robalo,Motor,R247 Dual Console
Robalo,Motor,R250
Robalo,Motor,R270
Robalo,Motor,R300
Robalo,Motor,R317
Robalo,Motor,R360
Rodman,Motor,Muse 44
Rodman,Motor,Muse 50
Rodman,Motor,Muse 54
Rodman,Motor,Rodman 1040
Rodman,Motor,Rodman 1090
Rodman,Motor,Rodman 1120
Rodman,Motor,Rodman 1170
Rodman,Motor,Rodman 1250
Rodman,Motor,Rodman 1290 Evolution
Rodman,Motor,Rodman 1300
Rodman,Motor,Rodman 41
Rodman,Motor,Rodman 44
Rodman,Motor,Rodman 56
Rodman,Motor,Rodman 700
Rodman,Motor,Rodman 747
Rodman,Motor,Rodman 800
Rodman,Motor,Rodman 810
Rodman,Motor,Rodman 870
Rodman,Motor,Rodman 900
Rodman,Motor,Rodman 940
Rodman,Motor,Spirit 31
Rodman,Motor,Spirit 42
SACS Tecnorib,RIB / Motor,Pirelli 30
SACS Tecnorib,RIB / Motor,Pirelli 35
SACS Tecnorib,RIB / Motor,Pirelli 42
SACS Tecnorib,RIB / Motor,Pirelli 50
SACS Tecnorib,RIB / Motor,Rebel 40
SACS Tecnorib,RIB / Motor,Rebel 47
SACS Tecnorib,RIB / Motor,Rebel 50
SACS Tecnorib,RIB / Motor,SACS Strider 9
SACS Tecnorib,RIB / Motor,Strider 10
SACS Tecnorib,RIB / Motor,Strider 11
SACS Tecnorib,RIB / Motor,Strider 12
SACS Tecnorib,RIB / Motor,Strider 13
SACS Tecnorib,RIB / Motor,Strider 15
SACS Tecnorib,RIB / Motor,Strider 18
Sanlorenzo,Motor,44Alloy
Sanlorenzo,Motor,46Steel
Sanlorenzo,Motor,50Steel
Sanlorenzo,Motor,52Steel
Sanlorenzo,Motor,57Steel
Sanlorenzo,Motor,62Steel
Sanlorenzo,Motor,SD118
Sanlorenzo,Motor,SD126
Sanlorenzo,Motor,SD90
Sanlorenzo,Motor,SD92
Sanlorenzo,Motor,SD96
Sanlorenzo,Motor,SL100
Sanlorenzo,Motor,SL102 Asymmetric
Sanlorenzo,Motor,SL104
Sanlorenzo,Motor,SL106
Sanlorenzo,Motor,SL108
Sanlorenzo,Motor,SL120A
Sanlorenzo,Motor,SL72
Sanlorenzo,Motor,SL78
Sanlorenzo,Motor,SL82
Sanlorenzo,Motor,SL86
Sanlorenzo,Motor,SL88
Sanlorenzo,Motor,SL90A
Sanlorenzo,Motor,SL94
Sanlorenzo,Motor,SL96A
Sanlorenzo,Motor,SX100
Sanlorenzo,Motor,SX112
Sanlorenzo,Motor,SX76
Sanlorenzo,Motor,SX88
Sargo,Motor,Sargo 25
Sargo,Motor,Sargo 28
Sargo,Motor,Sargo 31
Sargo,Motor,Sargo 33
Sargo,Motor,Sargo 36
Sargo,Motor,Sargo 45
Sasga Yachts,Motor,Menorquin 100
Sasga Yachts,Motor,Menorquin 34
Sasga Yachts,Motor,Menorquin 42
Sasga Yachts,Motor,Menorquin 48
Sasga Yachts,Motor,Menorquin 54
Sasga Yachts,Motor,Menorquin 68
Sasga Yachts,Motor,Minorchino 34
Sasga Yachts,Motor,Minorchino 42
Sasga Yachts,Motor,Minorchino 54
Saver,Motor,Saver 22 Fisher
Saver,Motor,Saver 22 Open
Saver,Motor,Saver 280
Saver,Motor,Saver 300 Sport
Saver,Motor,Saver 330 Sport
Saver,Motor,Saver 330 WA
Saver,Motor,Saver 540 Open
Saver,Motor,Saver 590 Open
Saver,Motor,Saver 650 Open
Saver,Motor,Saver 690 Open
Saver,Motor,Saver 750 Open
Saver,Motor,Saver 870 WA
Saxdor,Motor,Saxdor 200
Saxdor,Motor,Saxdor 205
Saxdor,Motor,Saxdor 270 GTC
Saxdor,Motor,Saxdor 270 GTO
Saxdor,Motor,Saxdor 320 GTC
Saxdor,Motor,Saxdor 320 GTO
Saxdor,Motor,Saxdor 340 GTWA
Saxdor,Motor,Saxdor 400 GTC
Saxdor,Motor,Saxdor 400 GTO
Scout,Motor,195 Sportfish
Scout,Motor,215 XSF
Scout,Motor,231 XSB
Scout,Motor,255 LXF
Scout,Motor,261 XSS
Scout,Motor,277 LXF
Scout,Motor,281 XSS
Scout,Motor,305 LXF
Scout,Motor,330 LXF
Scout,Motor,355 LXF
Scout,Motor,377 LXF
Scout,Motor,400 LXF
Scout,Motor,425 LXF
Scout,Motor,530 LXF
Sea Ray,Motor,SDX 250
Sea Ray,Motor,SDX 270
Sea Ray,Motor,SDX 290
Sea Ray,Motor,Sea Ray 500 Sedan Bridge
Sea Ray,Motor,Sea Ray 550 Sedan Bridge
Sea Ray,Motor,Sea Ray 560 Sedan Bridge
Sea Ray,Motor,SLX 230
Sea Ray,Motor,SLX 250
Sea Ray,Motor,SLX 280
Sea Ray,Motor,SLX 310
Sea Ray,Motor,SLX 350
Sea Ray,Motor,SLX 400
Sea Ray,Motor,SPX 190
Sea Ray,Motor,SPX 210
Sea Ray,Motor,SPX 230
Sea Ray,Motor,Sundancer 260
Sea Ray,Motor,Sundancer 265
Sea Ray,Motor,Sundancer 280
Sea Ray,Motor,Sundancer 290
Sea Ray,Motor,Sundancer 300
Sea Ray,Motor,Sundancer 315
Sea Ray,Motor,Sundancer 320
Sea Ray,Motor,Sundancer 330
Sea Ray,Motor,Sundancer 350
Sea Ray,Motor,Sundancer 370
Sea Ray,Motor,Sundancer 380
Sea Ray,Motor,Sundancer 410
Sea Ray,Motor,Sundancer 425
Sea Ray,Motor,Sundancer 450
Sea Ray,Motor,Sundancer 460
Sea Ray,Motor,Sundancer 500
Sea Ray,Motor,Sundancer 515
Sea Ray,Motor,Sundancer 540
Sea Ray,Motor,Sundancer 550
Sea Ray,Motor,Sundancer 580
Sea Ray,Motor,Sundancer 600
SeaVee,Motor,290B
SeaVee,Motor,320Z
SeaVee,Motor,340Z
SeaVee,Motor,370Z
SeaVee,Motor,390Z
SeaVee,Motor,400Z
SeaVee,Motor,450Z
SeaVee,Motor,SeaVee 270Z
Selva Marine,Motor / RIB,D.1000 Special
Selva Marine,Motor / RIB,D.470 Evolution
Selva Marine,Motor / RIB,D.540 Evolution
Selva Marine,Motor / RIB,D.600 Endeavour
Selva Marine,Motor / RIB,D.650 Family
Selva Marine,Motor / RIB,D.680 Evolution
Selva Marine,Motor / RIB,D.800 Special
Selva Marine,Motor / RIB,D.900 Special
Selva Marine,Motor / RIB,D.950 Family
Selva Marine,Motor / RIB,Open Elegance 5.0
Selva Marine,Motor / RIB,Open Elegance 5.7
Selva Marine,Motor / RIB,Open Elegance 6.7
Selva Marine,Motor / RIB,Open Elegance 7.1
Sessa Marine,Motor,C30
Sessa Marine,Motor,C32
Sessa Marine,Motor,C35
Sessa Marine,Motor,C38
Sessa Marine,Motor,C42
Sessa Marine,Motor,C44
Sessa Marine,Motor,C46
Sessa Marine,Motor,C48
Sessa Marine,Motor,F42
Sessa Marine,Motor,F47
Sessa Marine,Motor,F54
Sessa Marine,Motor,Fly 47
Sessa Marine,Motor,Fly 54
Sessa Marine,Motor,Key Largo 20
Sessa Marine,Motor,Key Largo 24
Sessa Marine,Motor,Key Largo 27
Sessa Marine,Motor,Key Largo 30
Sessa Marine,Motor,Key Largo 34
Sessa Marine,Motor,Key Largo 36
Sessa Marine,Motor,Oyster 35
Silent Yachts,Power Catamaran,Silent 120 Explorer
Silent Yachts,Power Catamaran,Silent 44
Silent Yachts,Power Catamaran,Silent 60
Silent Yachts,Power Catamaran,Silent 62 3-Deck
Silent Yachts,Power Catamaran,Silent 80
Sirena Yachts,Motor,Sirena 118
Sirena Yachts,Motor,Sirena 48
Sirena Yachts,Motor,Sirena 58
Sirena Yachts,Motor,Sirena 64
Sirena Yachts,Motor,Sirena 68
Sirena Yachts,Motor,Sirena 78
Sirena Yachts,Motor,Sirena 88
Solace,Motor,32 CS
Solace,Motor,37 CS
Solace,Motor,41 CS
Solace,Motor,415 CS
Solace,Motor,47 CS
Solace,Motor,Solace 30 HCS
Solaris Power,Motor,44 Open
Solaris Power,Motor,48 Lobster
Solaris Power,Motor,48 Open
Solaris Power,Motor,52 Open
Solaris Power,Motor,60 Open
Solaris Power,Motor,70 Long Range
Solaris Power,Motor,Solaris Power 40 Open
Solaris Yachts,Sailing,Solaris 111
Solaris Yachts,Sailing,Solaris 37
Solaris Yachts,Sailing,Solaris 40
Solaris Yachts,Sailing,Solaris 42
Solaris Yachts,Sailing,Solaris 44
Solaris Yachts,Sailing,Solaris 47
Solaris Yachts,Sailing,Solaris 48
Solaris Yachts,Sailing,Solaris 50
Solaris Yachts,Sailing,Solaris 55
Solaris Yachts,Sailing,Solaris 58
Solaris Yachts,Sailing,Solaris 60
Solaris Yachts,Sailing,Solaris 64 RS
Solaris Yachts,Sailing,Solaris 68
Solaris Yachts,Sailing,Solaris 72
Solaris Yachts,Sailing,Solaris 74
Solaris Yachts,Sailing,Solaris 80
Sportsman,Motor,Heritage 211
Sportsman,Motor,Heritage 231
Sportsman,Motor,Heritage 241
Sportsman,Motor,Heritage 261
Sportsman,Motor,Masters 207
Sportsman,Motor,Masters 227
Sportsman,Motor,Masters 247
Sportsman,Motor,Masters 267
Sportsman,Motor,Open 212
Sportsman,Motor,Open 232
Sportsman,Motor,Open 252
Sportsman,Motor,Open 262
Sportsman,Motor,Open 282
Sportsman,Motor,Open 302
Sportsman,Motor,Open 322
Stabicraft,Motor,1450 Explorer
Stabicraft,Motor,1550 Fisher
Stabicraft,Motor,1850 Supercab
Stabicraft,Motor,2050 Supercab
Stabicraft,Motor,2250 Ultracab WT
Stabicraft,Motor,2500 Ultracab XL
Stabicraft,Motor,2750 Centrecab
Stabicraft,Motor,2750 Ultracab
Stabicraft,Motor,2900 Supercab
Stabicraft,Motor,3900 Supercab
Sunreef,Power Catamaran,40 Open Sunreef Power
Sunreef,Power Catamaran,Sunreef 100 Power
Sunreef,Power Catamaran,Sunreef 60 Power
Sunreef,Power Catamaran,Sunreef 70 Power
Sunreef,Power Catamaran,Sunreef 80 Power
Sunreef,Sailing Catamaran,Sunreef 100
Sunreef,Sailing Catamaran,Sunreef 50
Sunreef,Sailing Catamaran,Sunreef 60
Sunreef,Sailing Catamaran,Sunreef 70
Sunreef,Sailing Catamaran,Sunreef 74
Sunreef,Sailing Catamaran,Sunreef 80
Sunreef,Sailing Catamaran,Sunreef 82
Sunseeker,Motor,100 Yacht
Sunseeker,Motor,116 Yacht
Sunseeker,Motor,131 Yacht
Sunseeker,Motor,76 Yacht
Sunseeker,Motor,80 Yacht
Sunseeker,Motor,82 Yacht
Sunseeker,Motor,86 Yacht
Sunseeker,Motor,88 Yacht
Sunseeker,Motor,90 Ocean
Sunseeker,Motor,95 Yacht
Sunseeker,Motor,Manhattan 44
Sunseeker,Motor,Manhattan 50
Sunseeker,Motor,Manhattan 52
Sunseeker,Motor,Manhattan 55
Sunseeker,Motor,Manhattan 56
Sunseeker,Motor,Manhattan 60
Sunseeker,Motor,Manhattan 63
Sunseeker,Motor,Manhattan 66
Sunseeker,Motor,Manhattan 68
Sunseeker,Motor,Manhattan 73
Sunseeker,Motor,Manhattan 74
Sunseeker,Motor,Portofino 35
Sunseeker,Motor,Portofino 40
Sunseeker,Motor,Portofino 46
Sunseeker,Motor,Portofino 47
Sunseeker,Motor,Portofino 48
Sunseeker,Motor,Predator 50
Sunseeker,Motor,Predator 52
Sunseeker,Motor,Predator 55
Sunseeker,Motor,Predator 57
Sunseeker,Motor,Predator 60
Sunseeker,Motor,Predator 62
Sunseeker,Motor,Predator 68
Sunseeker,Motor,Predator 72
Sunseeker,Motor,Predator 74
Sunseeker,Motor,Superhawk 34
Sunseeker,Motor,Superhawk 40
Sunseeker,Motor,Superhawk 43
Sunseeker,Motor,Superhawk 48
Sunseeker,Motor,Superhawk 55
Tankoa,Motor,S501
Tankoa,Motor,S520
Tankoa,Motor,S533
Tankoa,Motor,T450
Tankoa,Motor,T500 Tethys
Tankoa,Motor,T560 Apache
Tankoa,Motor,T580
Tankoa,Motor,T680 Fenice
Targa,Motor,Targa 23.1
Targa,Motor,Targa 25.1
Targa,Motor,Targa 27.1
Targa,Motor,Targa 30.1
Targa,Motor,Targa 32
Targa,Motor,Targa 35
Targa,Motor,Targa 37
Targa,Motor,Targa 41
Targa,Motor,Targa 46
Technohull,RIB,Alpha 50
Technohull,RIB,Explorer 40
Technohull,RIB,Explorer 40S
Technohull,RIB,GT10
Technohull,RIB,GT12
Technohull,RIB,GT7
Technohull,RIB,GT9
Technohull,RIB,Omega 45
Technohull,RIB,SeaDNA 1200
Technohull,RIB,SeaDNA 999
Tecnomar,Motor,Cat 133
Tecnomar,Motor,Evo 120
Tecnomar,Motor,Evo 130
Tecnomar,Motor,Evo 155
Tecnomar,Motor,Lamborghini 63
Tecnomar,Motor,Velar 70
Tiara Yachts,Motor,EX 54
Tiara Yachts,Motor,EX 60
Tiara Yachts,Motor,Tiara 3100 Open
Tiara Yachts,Motor,Tiara 3200 Open
Tiara Yachts,Motor,Tiara 34 LS
Tiara Yachts,Motor,Tiara 3500 Express
Tiara Yachts,Motor,Tiara 3600 Open
Tiara Yachts,Motor,Tiara 38 LS
Tiara Yachts,Motor,Tiara 3800 Open
Tiara Yachts,Motor,Tiara 39 Coupe
Tiara Yachts,Motor,Tiara 3900 Sovran
Tiara Yachts,Motor,Tiara 4000 Express
Tiara Yachts,Motor,Tiara 4200 Open
Tiara Yachts,Motor,Tiara 43 LS
Tiara Yachts,Motor,Tiara 4300 Sovran
Tiara Yachts,Motor,Tiara 44 Coupe
Tiara Yachts,Motor,Tiara 4400 Sovran
Tiara Yachts,Motor,Tiara 4500 Sovran
Tiara Yachts,Motor,Tiara 48 LS
Tiara Yachts,Motor,Tiara 4800 Convertible
Tiara Yachts,Motor,Tiara 49 Coupe
Tiara Yachts,Motor,Tiara 5200 Sovran
Tiara Yachts,Motor,Tiara 5800 Sovran
Tracker,Motor,Bass Tracker Classic XL
Tracker,Motor,Grizzly 1648
Tracker,Motor,Grizzly 1754
Tracker,Motor,Grizzly 2072
Tracker,Motor,Pro Team 175 TXW
Tracker,Motor,Pro Team 190 TX
Tracker,Motor,Pro Team 195 TXW
Tracker,Motor,Targa V-18
Tracker,Motor,Targa V-19
Tracker,Motor,Targa V-20
Tuccoli,Motor,T210 VM
Tuccoli,Motor,T250 VM
Tuccoli,Motor,T280 Easy Rider
Tuccoli,Motor,T280 Fuoriserie
Tuccoli,Motor,T295 SF
Tuccoli,Motor,T370 Coupe
Tuccoli,Motor,T440 Elba
Valhalla Boatworks,Motor,V-28
Valhalla Boatworks,Motor,V-29 Hybrid
Valhalla Boatworks,Motor,V-33
Valhalla Boatworks,Motor,V-37
Valhalla Boatworks,Motor,V-41
Valhalla Boatworks,Motor,V-46
Valhalla Boatworks,Motor,V-55
Valiant,RIB,Valiant 450
Valiant,RIB,Valiant 500
Valiant,RIB,Valiant 520
Valiant,RIB,Valiant 550
Valiant,RIB,Valiant 570
Valiant,RIB,Valiant 620
Valiant,RIB,Valiant 685
Valiant,RIB,Valiant 750
Valiant,RIB,Valiant 850
Van der Valk,Motor,BeachClub 600
Van der Valk,Motor,BeachClub 660
Van der Valk,Motor,Custom
Van der Valk,Motor,Explorer 25M
Van der Valk,Motor,Explorer 30M
Van der Valk,Motor,Explorer 37M
Van der Valk,Motor,Flybridge 27M
Van der Valk,Motor,Raised Pilothouse 26M
VanDutch,Motor,VanDutch 30
VanDutch,Motor,VanDutch 32
VanDutch,Motor,VanDutch 40
VanDutch,Motor,VanDutch 40.2
VanDutch,Motor,VanDutch 48
VanDutch,Motor,VanDutch 55
VanDutch,Motor,VanDutch 56
VanDutch,Motor,VanDutch 75
Viking Yachts,Motor,Viking 38 Billfish
Viking Yachts,Motor,Viking 44 Convertible
Viking Yachts,Motor,Viking 46 Billfish
Viking Yachts,Motor,Viking 48 Convertible
Viking Yachts,Motor,Viking 50 Convertible
Viking Yachts,Motor,Viking 52 Convertible
Viking Yachts,Motor,Viking 54 Convertible
Viking Yachts,Motor,Viking 55 Convertible
Viking Yachts,Motor,Viking 58 Convertible
Viking Yachts,Motor,Viking 60 Convertible
Viking Yachts,Motor,Viking 64 Convertible
Viking Yachts,Motor,Viking 68 Convertible
Viking Yachts,Motor,Viking 72 Convertible
Viking Yachts,Motor,Viking 74 Convertible
Viking Yachts,Motor,Viking 80 Convertible
Viking Yachts,Motor,Viking 90
Wajer,Motor,Wajer 37
Wajer,Motor,Wajer 38
Wajer,Motor,Wajer 38 S
Wajer,Motor,Wajer 44
Wajer,Motor,Wajer 55
Wajer,Motor,Wajer 55 S
Wajer,Motor,Wajer 77
Wajer,Motor,Wajer 77 S
Wally,Motor,wallypower43
Wally,Motor,wallypower50
Wally,Motor,wallypower58
Wally,Motor,wallypower58X
Wally,Motor,wallywhy100
Wally,Motor,wallywhy150
Wally,Motor,wallywhy200
Wally,Sailing,wally101
Wally,Sailing,wally110
Wally,Sailing,wally80
Wally,Sailing,wally93
Wally,Sailing,wallywind110
Wally,Sailing,wallywind150
Windy,Motor,Windy 25 Mirage
Windy,Motor,Windy 27 Solano
Windy,Motor,Windy 28 Ghibli
Windy,Motor,Windy 29 Coho
Windy,Motor,Windy 31 Tornado
Windy,Motor,Windy 32 Grand Tornado
Windy,Motor,Windy 34 Khamsin
Windy,Motor,Windy 37 Grand Mistral
Windy,Motor,Windy 37 Shamal
Windy,Motor,Windy 39 Camira
Windy,Motor,Windy 40 Bora
Windy,Motor,Windy 44 Chinook
Windy,Motor,Windy SR28 CC
Windy,Motor,Windy SR44
Windy,Motor,Windy SR52 Blackbird
X Shore,Electric,Eelex 8000
X Shore,Electric,X Shore 1
X Shore,Electric,X Shore Pro
X-Yachts,Sailing,X-302
X-Yachts,Sailing,X-332
X-Yachts,Sailing,X-34
X-Yachts,Sailing,X-35
X-Yachts,Sailing,X-37
X-Yachts,Sailing,X-40
X-Yachts,Sailing,X-41
X-Yachts,Sailing,X-43
X-Yachts,Sailing,X-46
X-Yachts,Sailing,X-50
X-Yachts,Sailing,X-55
X-Yachts,Sailing,X-562
X-Yachts,Sailing,X-612
X-Yachts,Sailing,X4.0
X-Yachts,Sailing,X4.3
X-Yachts,Sailing,X4.6
X-Yachts,Sailing,X4.9
X-Yachts,Sailing,X5.6
X-Yachts,Sailing,X6.5
X-Yachts,Sailing,Xc 35
X-Yachts,Sailing,Xc 38
X-Yachts,Sailing,Xc 42
X-Yachts,Sailing,Xc 45
X-Yachts,Sailing,Xc 47
X-Yachts,Sailing,Xc 50
X-Yachts,Sailing,Xp 33
X-Yachts,Sailing,Xp 38
X-Yachts,Sailing,Xp 44
X-Yachts,Sailing,Xp 50
X-Yachts,Sailing,Xp 55
XO Boats,Motor,XO DFNDR 8
XO Boats,Motor,XO DFNDR 9
XO Boats,Motor,XO DSCVR 10 Sport
XO Boats,Motor,XO DSCVR 9
XO Boats,Motor,XO EXPLR 10 Sport
XO Boats,Motor,XO EXPLR 44
XO Boats,Motor,XO EXPLR 9
Yamarin,Motor,Yamarin 46 SC
Yamarin,Motor,Yamarin 50 BR
Yamarin,Motor,Yamarin 56 BR
Yamarin,Motor,Yamarin 60 DC
Yamarin,Motor,Yamarin 63 BR
Yamarin,Motor,Yamarin 63 DC
Yamarin,Motor,Yamarin 67 DC
Yamarin,Motor,Yamarin 80 DC
Yamarin,Motor,Yamarin 88 DC
Yellowfin,Motor,24 Bay
Yellowfin,Motor,26 Hybrid
Yellowfin,Motor,29 Offshore
Yellowfin,Motor,32 Offshore
Yellowfin,Motor,34 Offshore
Yellowfin,Motor,36 Offshore
Yellowfin,Motor,39 Offshore
Yellowfin,Motor,42 Offshore
Yellowfin,Motor,54 Offshore
Yellowfin,Motor,Yellowfin 21 Bay
ZAR Formenti,RIB,Imagine 130
ZAR Formenti,RIB,ZAR 43
ZAR Formenti,RIB,ZAR 47
ZAR Formenti,RIB,ZAR 49 SL
ZAR Formenti,RIB,ZAR 53
ZAR Formenti,RIB,ZAR 57
ZAR Formenti,RIB,ZAR 59 SL
ZAR Formenti,RIB,ZAR 61
ZAR Formenti,RIB,ZAR 65
ZAR Formenti,RIB,ZAR 75
ZAR Formenti,RIB,ZAR 79 SL
ZAR Formenti,RIB,ZAR 85 SL
ZAR Formenti,RIB,ZAR 95 SL
Zodiac,RIB,Cadet 270
Zodiac,RIB,Cadet 310
Zodiac,RIB,Cadet 350
Zodiac,RIB,Medline 5.8
Zodiac,RIB,Medline 6.8
Zodiac,RIB,Medline 7.5
Zodiac,RIB,Medline 9
Zodiac,RIB,N-ZO 600
Zodiac,RIB,N-ZO 680
Zodiac,RIB,N-ZO 760
Zodiac,RIB,Open 3.1
Zodiac,RIB,Open 3.4
Zodiac,RIB,Open 4.2
Zodiac,RIB,Open 4.8
Zodiac,RIB,Open 5.5
Zodiac,RIB,Open 6.5
Zodiac,RIB,Open 7
Zodiac,RIB,Pro 5.5
Zodiac,RIB,Pro 6.5
Zodiac,RIB,Pro 7
Zodiac,RIB,Pro 850
